verse,written_tokens,final_written_token,approximate_pausal_ending_manual,terminal_sound_manual,discourse_function_manual
93:1,1,وَٱلضُّحَىٰ,ḍuḥā,ā,oath
93:2,3,سَجَىٰ,sajā,ā,oath
93:3,5,قَلَىٰ,qalā,ā,reassurance
93:4,5,ٱلْأُولَىٰ,ūlā,ā,promise
93:5,4,فَتَرْضَىٰٓ,tarḍā,ā,promise
93:6,4,فَـَٔاوَىٰ,āwā,ā,remembered provision
93:7,3,فَهَدَىٰ,hadā,ā,remembered provision
93:8,3,فَأَغْنَىٰ,aghnā,ā,remembered provision
93:9,4,تَقْهَرْ,taqhar,r,prohibition
93:10,4,تَنْهَرْ,tanhar,r,prohibition
93:11,4,فَحَدِّثْ,ḥaddith,th,positive instruction
