surah,verse,lexical_tokens,whitespace_fields
1,1,4,4
1,2,4,4
1,3,2,2
1,4,3,3
1,5,4,4
1,6,3,3
1,7,9,9
2,1,1,1
2,2,7,9
2,3,8,8
2,4,12,12
2,5,8,9
2,6,11,11
2,7,12,14
2,8,11,11
2,9,10,10
2,10,12,13
2,11,11,11
2,12,7,7
2,13,19,20
2,14,16,16
2,15,7,7
2,16,11,11
2,17,17,17
2,18,6,6
2,19,19,20
2,20,25,28
2,21,11,11
2,22,23,24
2,23,20,20
2,24,13,14
2,25,34,39
2,26,39,43
2,27,20,21
2,28,13,14
2,29,19,20
2,30,28,30
2,31,15,15
2,32,12,13
2,33,22,23
2,34,13,13
2,35,18,18
2,36,19,21
2,37,11,12
2,38,17,18
2,39,10,11
2,40,13,13
2,41,18,19
2,42,8,8
2,43,7,7
2,44,10,11
2,45,8,9
2,46,8,8
2,47,11,11
2,48,19,19
2,49,18,19
2,50,10,10
2,51,12,12
2,52,8,8
2,53,7,7
2,54,26,27
2,55,14,14
2,56,7,7
2,57,18,20
2,58,20,21
2,59,18,18
2,60,28,31
2,61,59,64
2,62,24,24
2,63,15,15
2,64,13,14
2,65,12,12
2,66,9,9
2,67,20,22
2,68,23,25
2,69,18,19
2,70,17,17
2,71,24,26
2,72,10,11
2,73,11,12
2,74,37,41
2,75,19,19
2,76,23,24
2,77,9,9
2,78,11,11
2,79,24,25
2,80,23,25
2,81,13,14
2,82,10,11
2,83,29,29
2,84,15,15
2,85,49,53
2,86,13,14
2,87,28,30
2,88,10,11
2,89,26,27
2,90,27,29
2,91,30,31
2,92,11,11
2,93,27,29
2,94,17,17
2,95,9,10
2,96,25,27
2,97,18,18
2,98,12,12
2,99,10,11
2,100,10,11
2,101,22,22
2,102,74,82
2,103,12,13
2,104,12,13
2,105,25,27
2,106,19,20
2,107,17,18
2,108,18,19
2,109,33,35
2,110,17,19
2,111,18,20
2,112,17,17
2,113,31,33
2,114,30,32
2,115,12,14
2,116,14,17
2,117,11,12
2,118,24,27
2,119,10,11
2,120,31,34
2,121,15,16
2,122,11,11
2,123,18,18
2,124,19,22
2,125,22,23
2,126,30,32
2,127,14,15
2,128,17,18
2,129,16,17
2,130,18,20
2,131,9,10
2,132,16,16
2,133,27,27
2,134,15,17
2,135,15,17
2,136,31,31
2,137,19,22
2,138,10,12
2,139,14,14
2,140,30,33
2,141,15,17
2,142,21,23
2,143,45,49
2,144,34,39
2,145,32,36
2,146,14,15
2,147,7,8
2,148,19,22
2,149,17,19
2,150,31,32
2,151,17,17
2,152,6,6
2,153,10,11
2,154,13,14
2,155,12,13
2,156,10,10
2,157,9,10
2,158,24,26
2,159,20,21
2,160,11,12
2,161,13,13
2,162,9,10
2,163,9,10
2,164,43,43
2,165,31,33
2,166,12,12
2,167,23,25
2,168,16,17
2,169,11,11
2,170,22,23
2,171,18,19
2,172,14,14
2,173,25,27
2,174,29,30
2,175,11,12
2,176,14,15
2,177,51,54
2,178,37,41
2,179,8,8
2,180,16,17
2,181,14,15
2,182,16,17
2,183,14,14
2,184,32,37
2,185,44,47
2,186,17,19
2,187,65,73
2,188,17,17
2,189,27,31
2,190,13,14
2,191,25,29
2,192,6,6
2,193,15,16
2,194,22,24
2,195,14,16
2,196,73,81
2,197,29,33
2,198,26,28
2,199,12,13
2,200,24,25
2,201,14,14
2,202,8,9
2,203,25,28
2,204,17,17
2,205,14,15
2,206,12,14
2,207,11,12
2,208,15,16
2,209,12,12
2,210,17,18
2,211,20,21
2,212,20,22
2,213,49,52
2,214,30,32
2,215,22,24
2,216,25,28
2,217,57,64
2,218,16,17
2,219,26,29
2,220,26,32
2,221,39,45
2,222,27,31
2,223,16,19
2,224,14,15
2,225,14,15
2,226,13,14
2,227,7,7
2,228,40,45
2,229,46,51
2,230,30,32
2,231,45,50
2,232,33,36
2,233,64,72
2,234,25,27
2,235,47,51
2,236,25,27
2,237,35,38
2,238,8,8
2,239,15,16
2,240,27,29
2,241,6,7
2,242,7,7
2,243,28,29
2,244,9,9
2,245,16,17
2,246,54,58
2,247,43,47
2,248,30,31
2,249,60,64
2,250,15,15
2,251,27,28
2,252,9,10
2,253,52,57
2,254,21,22
2,255,50,58
2,256,24,27
2,257,24,27
2,258,43,45
2,259,67,74
2,260,39,43
2,261,24,26
2,262,24,25
2,263,11,12
2,264,38,41
2,265,27,28
2,266,35,36
2,267,29,31
2,268,13,15
2,269,16,18
2,270,15,16
2,271,20,23
2,272,28,31
2,273,30,31
2,274,17,17
2,275,45,50
2,276,11,12
2,277,19,19
2,278,13,13
2,279,17,18
2,280,14,16
2,281,15,16
2,282,128,144
2,283,32,36
2,284,28,31
2,285,27,30
2,286,49,55
3,1,1,1
3,2,7,7
3,3,11,11
3,4,18,20
3,5,11,11
3,6,13,14
3,7,46,50
3,8,15,16
3,9,13,14
3,10,16,17
3,11,14,16
3,12,9,10
3,13,29,32
3,14,24,26
3,15,24,26
3,16,11,11
3,17,6,6
3,18,18,19
3,19,26,28
3,20,26,30
3,21,18,18
3,22,11,11
3,23,20,20
3,24,15,16
3,25,15,15
3,26,25,27
3,27,21,23
3,28,27,30
3,29,22,24
3,30,26,28
3,31,14,15
3,32,11,12
3,33,11,11
3,34,7,8
3,35,18,19
3,36,24,25
3,37,34,38
3,38,15,17
3,39,20,20
3,40,17,18
3,41,20,22
3,42,12,12
3,43,7,7
3,44,20,21
3,45,20,20
3,46,7,7
3,47,23,25
3,48,5,5
3,49,45,49
3,50,19,20
3,51,8,9
3,52,20,21
3,53,9,9
3,54,6,7
3,55,30,31
3,56,13,13
3,57,11,12
3,58,7,7
3,59,15,16
3,60,7,7
3,61,25,25
3,62,15,17
3,63,6,6
3,64,31,32
3,65,15,16
3,66,19,20
3,67,14,14
3,68,13,14
3,69,13,13
3,70,8,8
3,71,10,10
3,72,17,17
3,73,32,34
3,74,8,9
3,75,36,37
3,76,9,9
3,77,27,27
3,78,29,29
3,79,28,28
3,80,13,14
3,81,33,36
3,82,7,7
3,83,14,14
3,84,29,29
3,85,13,13
3,86,18,19
3,87,9,9
3,88,9,9
3,89,11,11
3,90,14,14
3,91,24,25
3,92,15,16
3,93,24,25
3,94,11,11
3,95,11,12
3,96,10,10
3,97,25,28
3,98,12,12
3,99,19,20
3,100,14,14
3,101,17,18
3,102,12,12
3,103,34,36
3,104,14,15
3,105,14,15
3,106,17,18
3,107,10,10
3,108,11,12
3,109,11,12
3,110,23,25
3,111,11,12
3,112,35,37
3,113,14,15
3,114,15,15
3,115,9,10
3,116,18,20
3,117,23,24
3,118,30,32
3,119,27,29
3,120,21,23
3,121,11,12
3,122,12,13
3,123,10,11
3,124,13,13
3,125,15,16
3,126,17,18
3,127,9,9
3,128,12,12
3,129,16,18
3,130,12,13
3,131,5,5
3,132,5,5
3,133,11,11
3,134,13,14
3,135,23,23
3,136,15,16
3,137,13,13
3,138,6,6
3,139,9,9
3,140,24,26
3,141,6,6
3,142,13,13
3,143,12,12
3,144,27,30
3,145,24,26
3,146,21,22
3,147,19,19
3,148,10,11
3,149,12,12
3,150,6,7
3,151,19,21
3,152,40,45
3,153,25,26
3,154,75,83
3,155,21,23
3,156,36,38
3,157,14,14
3,158,7,7
3,159,30,34
3,160,18,20
3,161,21,23
3,162,13,14
3,163,8,9
3,164,25,25
3,165,20,22
3,166,9,9
3,167,33,38
3,168,16,17
3,169,13,14
3,170,19,19
3,171,11,11
3,172,15,16
3,173,17,17
3,174,15,16
3,175,11,11
3,176,22,25
3,177,12,12
3,178,17,19
3,179,36,39
3,180,30,34
3,181,22,23
3,182,9,9
3,183,28,29
3,184,12,12
3,185,23,26
3,186,24,25
3,187,21,22
3,188,20,21
3,189,9,10
3,190,11,11
3,191,21,21
3,192,11,12
3,193,20,21
3,194,14,15
3,195,43,46
3,196,7,7
3,197,7,8
3,198,21,22
3,199,30,32
3,200,10,10
4,1,28,30
4,2,16,19
4,3,28,30
4,4,14,15
4,5,16,16
4,6,37,42
4,7,19,20
4,8,13,13
4,9,15,15
4,10,13,14
4,11,71,81
4,12,88,98
4,13,18,20
4,14,13,13
4,15,22,23
4,16,14,16
4,17,20,21
4,18,24,25
4,19,34,37
4,20,17,18
4,21,11,11
4,22,17,18
4,23,54,55
4,24,42,47
4,25,58,65
4,26,14,15
4,27,13,13
4,28,8,9
4,29,23,25
4,30,13,14
4,31,12,12
4,32,27,31
4,33,19,21
4,34,40,44
4,35,22,23
4,36,32,34
4,37,15,16
4,38,18,19
4,39,15,16
4,40,15,16
4,41,12,12
4,42,14,14
4,43,48,50
4,44,14,14
4,45,9,10
4,46,38,39
4,47,28,29
4,48,20,21
4,49,14,15
4,50,10,11
4,51,20,20
4,52,11,12
4,53,10,10
4,54,18,19
4,55,11,12
4,56,20,21
4,57,20,22
4,58,25,27
4,59,28,30
4,60,30,30
4,61,15,15
4,62,16,16
4,63,16,16
4,64,23,24
4,65,19,19
4,66,27,28
4,67,6,6
4,68,3,3
4,69,18,19
4,70,7,8
4,71,10,10
4,72,17,17
4,73,18,18
4,74,21,22
4,75,31,31
4,76,20,22
4,77,48,50
4,78,36,40
4,79,18,21
4,80,12,13
4,81,24,27
4,82,13,14
4,83,30,32
4,84,22,25
4,85,22,24
4,86,15,16
4,87,17,19
4,88,22,24
4,89,28,31
4,90,36,38
4,91,32,34
4,92,60,65
4,93,16,16
4,94,39,41
4,95,33,36
4,96,8,9
4,97,27,31
4,98,12,12
4,99,10,11
4,100,31,33
4,101,23,24
4,102,62,66
4,103,20,22
4,104,22,25
4,105,15,16
4,106,7,8
4,107,14,15
4,108,21,22
4,109,18,18
4,110,13,13
4,111,11,12
4,112,14,14
4,113,33,36
4,114,26,27
4,115,20,21
4,116,20,21
4,117,11,11
4,118,8,9
4,119,21,22
4,120,7,8
4,121,7,7
4,122,21,23
4,123,20,21
4,124,16,16
4,125,17,18
4,126,12,13
4,127,40,42
4,128,29,32
4,129,22,24
4,130,11,12
4,131,32,35
4,132,10,11
4,133,12,13
4,134,14,15
4,135,37,40
4,136,28,29
4,137,20,20
4,138,6,6
4,139,14,15
4,140,33,35
4,141,36,38
4,142,19,19
4,143,16,17
4,144,17,18
4,145,11,11
4,146,18,19
4,147,11,12
4,148,14,15
4,149,14,14
4,150,22,22
4,151,8,9
4,152,17,18
4,153,37,40
4,154,19,19
4,155,22,23
4,156,6,6
4,157,34,37
4,158,8,9
4,159,14,15
4,160,14,14
4,161,14,15
4,162,26,28
4,163,25,27
4,164,14,15
4,165,15,16
4,166,13,16
4,167,11,11
4,168,12,12
4,169,11,12
4,170,23,25
4,171,53,61
4,172,18,19
4,173,26,27
4,174,11,11
4,175,15,15
4,176,50,56
5,1,23,25
5,2,52,58
5,3,61,66
5,4,31,36
5,5,43,46
5,6,61,64
5,7,19,21
5,8,26,30
5,9,10,11
5,10,7,7
5,11,23,25
5,12,45,48
5,13,32,37
5,14,25,26
5,15,23,24
5,16,18,18
5,17,42,46
5,18,30,35
5,19,28,30
5,20,22,22
5,21,14,14
5,22,17,17
5,23,21,22
5,24,16,17
5,25,13,14
5,26,14,17
5,27,24,25
5,28,16,17
5,29,13,14
5,30,9,9
5,31,25,27
5,32,40,41
5,33,34,36
5,34,13,14
5,35,13,13
5,36,24,25
5,37,12,13
5,38,13,14
5,39,14,15
5,40,19,20
5,41,67,75
5,42,26,30
5,43,15,16
5,44,41,44
5,45,31,33
5,46,26,27
5,47,16,17
5,48,51,57
5,49,33,35
5,50,10,11
5,51,22,25
5,52,28,29
5,53,15,17
5,54,37,39
5,55,13,13
5,56,11,11
5,57,23,24
5,58,12,13
5,59,20,20
5,60,27,29
5,61,16,17
5,62,13,14
5,63,13,14
5,64,47,54
5,65,12,12
5,66,24,26
5,67,24,27
5,68,30,32
5,69,20,20
5,70,19,20
5,71,19,20
5,72,33,36
5,73,25,27
5,74,8,9
5,75,25,27
5,76,16,17
5,77,23,23
5,78,17,18
5,79,10,11
5,80,19,20
5,81,15,15
5,82,26,28
5,83,21,22
5,84,16,16
5,85,14,15
5,86,7,7
5,87,17,18
5,88,12,13
5,89,45,50
5,90,15,15
5,91,20,21
5,92,13,14
5,93,24,25
5,94,23,24
5,95,50,54
5,96,20,22
5,97,27,28
5,98,9,9
5,99,11,12
5,100,15,16
5,101,25,26
5,102,9,9
5,103,21,23
5,104,24,25
5,105,19,21
5,106,51,53
5,107,26,26
5,108,22,24
5,109,15,17
5,110,63,68
5,111,13,13
5,112,21,22
5,113,15,15
5,114,22,23
5,115,17,18
5,116,44,48
5,117,29,32
5,118,11,12
5,119,24,27
5,120,11,12
6,1,14,15
6,2,14,16
6,3,12,13
6,4,11,11
6,5,12,13
6,6,31,31
6,7,16,16
6,8,13,14
6,9,9,9
6,10,13,13
6,11,10,10
6,12,25,29
6,13,9,10
6,14,24,26
6,15,9,9
6,16,9,10
6,17,17,18
6,18,7,8
6,19,37,43
6,20,13,14
6,21,14,15
6,22,12,12
6,23,12,12
6,24,10,11
6,25,32,35
6,26,11,12
6,27,16,16
6,28,16,17
6,29,9,9
6,30,19,22
6,31,26,28
6,32,13,15
6,33,14,15
6,34,22,24
6,35,28,30
6,36,10,11
6,37,19,20
6,38,22,24
6,39,17,18
6,40,15,15
6,41,12,12
6,42,11,11
6,43,14,14
6,44,20,20
6,45,9,10
6,46,23,24
6,47,14,14
6,48,15,16
6,49,8,8
6,50,28,31
6,51,17,18
6,52,25,26
6,53,15,16
6,54,27,29
6,55,6,6
6,56,21,23
6,57,22,26
6,58,14,15
6,59,31,33
6,60,22,23
6,61,17,18
6,62,12,13
6,63,17,17
6,64,10,10
6,65,27,28
6,66,9,10
6,67,5,6
6,68,23,24
6,69,12,12
6,70,45,48
6,71,39,41
6,72,8,9
6,73,24,29
6,74,14,15
6,75,9,9
6,76,15,17
6,77,18,19
6,78,17,18
6,79,12,13
6,80,25,29
6,81,22,24
6,82,11,11
6,83,14,16
6,84,21,25
6,85,7,8
6,86,8,9
6,87,9,10
6,88,16,17
6,89,17,18
6,90,16,19
6,91,44,49
6,92,22,24
6,93,49,51
6,94,29,31
6,95,17,20
6,96,12,13
6,97,16,17
6,98,13,14
6,99,44,46
6,100,15,17
6,101,18,21
6,102,16,19
6,103,9,10
6,104,15,18
6,105,8,8
6,106,13,15
6,107,13,15
6,108,25,26
6,109,21,23
6,110,13,13
6,111,22,22
6,112,23,25
6,113,12,12
6,114,23,25
6,115,11,13
6,116,18,19
6,117,11,12
6,118,10,10
6,119,30,32
6,120,12,13
6,121,20,22
6,122,24,25
6,123,15,16
6,124,29,31
6,125,28,30
6,126,9,10
6,127,10,11
6,128,35,38
6,129,8,8
6,130,27,29
6,131,10,10
6,132,9,10
6,133,18,19
6,134,7,8
6,135,18,20
6,136,31,34
6,137,20,22
6,138,26,27
6,139,22,25
6,140,20,21
6,141,31,34
6,142,16,18
6,143,23,26
6,144,40,44
6,145,39,40
6,146,28,31
6,147,13,13
6,148,37,40
6,149,8,9
6,150,27,29
6,151,42,49
6,152,35,40
6,153,17,19
6,154,17,17
6,155,8,8
6,156,14,14
6,157,35,38
6,158,37,39
6,159,19,20
6,160,16,17
6,161,16,17
6,162,9,9
6,163,8,9
6,164,29,32
6,165,21,22
7,1,1,1
7,2,13,13
7,3,14,15
7,4,10,10
7,5,12,12
7,6,6,6
7,7,6,7
7,8,9,10
7,9,11,11
7,10,11,12
7,11,16,16
7,12,17,18
7,13,13,13
7,14,5,5
7,15,4,4
7,16,7,7
7,17,15,16
7,18,12,13
7,19,16,16
7,20,25,25
7,21,5,5
7,22,28,30
7,23,12,12
7,24,12,13
7,25,7,7
7,26,19,21
7,27,30,32
7,28,22,24
7,29,16,18
7,30,16,17
7,31,15,16
7,32,26,28
7,33,29,29
7,34,11,13
7,35,18,19
7,36,11,12
7,37,37,40
7,38,40,43
7,39,14,14
7,40,23,24
7,41,10,11
7,42,15,16
7,43,36,39
7,44,28,30
7,45,10,10
7,46,18,21
7,47,13,13
7,48,14,14
7,49,15,16
7,50,20,21
7,51,19,20
7,52,10,10
7,53,38,40
7,54,32,34
7,55,8,9
7,56,15,16
7,57,29,31
7,58,17,19
7,59,20,20
7,60,9,9
7,61,10,10
7,62,11,11
7,63,13,13
7,64,14,15
7,65,15,17
7,66,14,14
7,67,10,10
7,68,7,7
7,69,27,29
7,70,17,18
7,71,25,27
7,72,13,14
7,73,34,39
7,74,25,26
7,75,23,24
7,76,8,8
7,77,15,15
7,78,6,6
7,79,14,14
7,80,13,13
7,81,11,12
7,82,13,14
7,83,7,7
7,84,8,9
7,85,37,41
7,86,24,26
7,87,19,20
7,88,21,22
7,89,42,46
7,90,12,12
7,91,6,6
7,92,13,14
7,93,15,16
7,94,13,13
7,95,18,18
7,96,18,18
7,97,9,9
7,98,9,9
7,99,10,11
7,100,19,20
7,101,23,25
7,102,9,10
7,103,16,17
7,104,8,8
7,105,18,19
7,106,11,11
7,107,6,6
7,108,6,6
7,109,9,9
7,110,7,8
7,111,7,7
7,112,4,4
7,113,11,11
7,114,5,5
7,115,10,10
7,116,11,12
7,117,11,12
7,118,6,6
7,119,4,4
7,120,3,3
7,121,4,4
7,122,3,3
7,123,19,21
7,124,8,8
7,125,5,5
7,126,16,17
7,127,21,22
7,128,16,18
7,129,22,23
7,130,10,10
7,131,22,24
7,132,12,12
7,133,13,13
7,134,22,23
7,135,11,11
7,136,11,11
7,137,29,31
7,138,23,25
7,139,10,10
7,140,9,9
7,141,18,20
7,142,23,24
7,143,41,44
7,144,14,14
7,145,20,21
7,146,36,37
7,147,13,14
7,148,22,24
7,149,18,18
7,150,39,42
7,151,11,12
7,152,15,16
7,153,14,14
7,154,15,16
7,155,41,46
7,156,30,33
7,157,43,45
7,158,31,33
7,159,8,8
7,160,43,49
7,161,20,21
7,162,17,17
7,163,27,29
7,164,19,21
7,165,18,18
7,166,11,11
7,167,19,21
7,168,14,16
7,169,40,43
7,170,10,10
7,171,19,19
7,172,26,29
7,173,15,16
7,174,5,5
7,175,13,13
7,176,30,33
7,177,9,9
7,178,10,11
7,179,30,33
7,180,14,16
7,181,7,7
7,182,8,8
7,183,5,6
7,184,11,13
7,185,22,23
7,186,10,11
7,187,37,43
7,188,28,30
7,189,29,31
7,190,12,13
7,191,7,7
7,192,7,7
7,193,12,13
7,194,14,15
7,195,26,30
7,196,9,10
7,197,10,10
7,198,12,13
7,199,7,7
7,200,10,11
7,201,12,12
7,202,7,7
7,203,23,25
7,204,8,8
7,205,16,16
7,206,11,12
8,1,18,21
8,2,17,17
8,3,6,6
8,4,11,12
8,5,11,11
8,6,12,12
8,7,23,23
8,8,7,7
8,9,11,11
8,10,18,20
8,11,22,22
8,12,23,24
8,13,13,14
8,14,6,6
8,15,11,11
8,16,20,21
8,17,21,24
8,18,6,6
8,19,24,26
8,20,11,11
8,21,8,8
8,22,10,10
8,23,11,12
8,24,20,21
8,25,13,14
8,26,19,19
8,27,11,11
8,28,10,10
8,29,18,19
8,30,16,18
8,31,17,18
8,32,19,19
8,33,12,13
8,34,21,22
8,35,13,14
8,36,21,23
8,37,18,19
8,38,16,16
8,39,16,17
8,40,10,11
8,41,33,34
8,42,35,38
8,43,20,22
8,44,19,20
8,45,12,12
8,46,13,15
8,47,17,18
8,48,36,38
8,49,18,19
8,50,13,14
8,51,9,9
8,52,17,20
8,53,18,19
8,54,17,20
8,55,10,10
8,56,12,12
8,57,10,10
8,58,14,15
8,59,8,9
8,60,33,34
8,61,12,13
8,62,12,13
8,63,20,22
8,64,8,8
8,65,26,28
8,66,26,29
8,67,20,22
8,68,10,10
8,69,11,13
8,70,24,25
8,71,13,14
8,72,45,48
8,73,13,14
8,74,18,19
8,75,22,24
9,1,9,9
9,2,14,15
9,3,32,36
9,4,22,23
9,5,26,28
9,6,18,19
9,7,23,25
9,8,16,17
9,9,13,14
9,10,10,11
9,11,13,14
9,12,18,19
9,13,20,22
9,14,11,11
9,15,11,13
9,16,24,25
9,17,18,19
9,18,23,24
9,19,24,26
9,20,16,17
9,21,10,10
9,22,8,9
9,23,19,20
9,24,33,34
9,25,23,25
9,26,18,19
9,27,12,13
9,28,27,29
9,29,29,29
9,30,23,27
9,31,23,25
9,32,15,15
9,33,14,14
9,34,28,29
9,35,19,20
9,36,36,40
9,37,31,34
9,38,28,30
9,39,16,17
9,40,43,46
9,41,15,16
9,42,23,24
9,43,13,13
9,44,14,15
9,45,14,14
9,46,15,15
9,47,17,18
9,48,16,16
9,49,15,17
9,50,16,17
9,51,14,15
9,52,22,24
9,53,12,13
9,54,22,22
9,55,17,18
9,56,10,10
9,57,11,11
9,58,16,16
9,59,19,19
9,60,22,24
9,61,26,28
9,62,12,12
9,63,16,17
9,64,17,18
9,65,13,14
9,66,16,17
9,67,19,22
9,68,16,19
9,69,32,34
9,70,26,28
9,71,24,27
9,72,24,26
9,73,11,13
9,74,46,50
9,75,12,12
9,76,9,9
9,77,15,15
9,78,11,11
9,79,20,21
9,80,25,27
9,81,27,29
9,82,8,8
9,83,25,26
9,84,18,19
9,85,16,17
9,86,18,18
9,87,11,11
9,88,14,16
9,89,13,14
9,90,17,18
9,91,26,28
9,92,23,23
9,93,19,20
9,94,30,32
9,95,18,21
9,96,14,15
9,97,16,17
9,98,16,18
9,99,27,30
9,100,25,26
9,101,22,26
9,102,17,18
9,103,16,18
9,104,16,16
9,105,16,17
9,106,12,13
9,107,24,26
9,108,23,26
9,109,27,28
9,110,15,16
9,111,37,42
9,112,16,17
9,113,20,20
9,114,22,23
9,115,18,19
9,116,17,19
9,117,27,28
9,118,31,32
9,119,8,8
9,120,52,54
9,121,18,18
9,122,22,23
9,123,16,17
9,124,18,19
9,125,12,12
9,126,16,16
9,127,21,22
9,128,14,14
9,129,15,17
10,1,5,6
10,2,26,27
10,3,29,33
10,4,28,31
10,5,23,25
10,6,14,14
10,7,15,15
10,8,6,6
10,9,15,16
10,10,14,15
10,11,18,19
10,12,27,28
10,13,17,19
10,14,10,10
10,15,39,43
10,16,18,20
10,17,14,15
10,18,29,31
10,19,17,18
10,20,16,17
10,21,22,24
10,22,41,43
10,23,25,28
10,24,43,44
10,25,11,11
10,26,16,19
10,27,27,31
10,28,18,20
10,29,10,10
10,30,16,18
10,31,27,29
10,32,11,13
10,33,10,10
10,34,17,19
10,35,29,32
10,36,17,19
10,37,22,22
10,38,16,17
10,39,19,21
10,40,12,13
10,41,15,16
10,42,11,12
10,43,11,12
10,44,10,10
10,45,20,21
10,46,15,15
10,47,12,13
10,48,7,7
10,49,22,25
10,50,12,12
10,51,11,12
10,52,13,13
10,53,11,13
10,54,21,24
10,55,16,17
10,56,5,5
10,57,14,14
10,58,10,10
10,59,20,21
10,60,19,20
10,61,42,43
10,62,10,10
10,63,4,4
10,64,15,17
10,65,10,12
10,66,25,27
10,67,15,16
10,68,25,30
10,69,9,9
10,70,13,13
10,71,33,33
10,72,16,18
10,73,17,18
10,74,22,23
10,75,14,14
10,76,10,10
10,77,11,12
10,78,16,16
10,79,6,6
10,80,10,10
10,81,17,19
10,82,7,7
10,83,22,23
10,84,12,12
10,85,10,10
10,86,5,5
10,87,16,17
10,88,29,30
10,89,11,11
10,90,27,28
10,91,7,7
10,92,14,15
10,93,24,25
10,94,22,23
10,95,10,10
10,96,8,8
10,97,8,8
10,98,21,21
10,99,15,16
10,100,14,15
10,101,14,15
10,102,15,16
10,103,10,11
10,104,26,27
10,105,9,9
10,106,16,17
10,107,24,27
10,108,22,25
10,109,11,12
11,1,10,11
11,2,9,10
11,3,25,26
11,4,8,9
11,5,19,21
11,6,16,17
11,7,31,32
11,8,22,23
11,9,11,11
11,10,13,14
11,11,10,10
11,12,27,29
11,13,18,19
11,14,16,17
11,15,14,14
11,16,16,17
11,17,39,43
11,18,23,25
11,19,11,11
11,20,24,26
11,21,9,9
11,22,7,7
11,23,14,15
11,24,11,13
11,25,9,9
11,26,11,12
11,27,29,29
11,28,19,19
11,29,22,25
11,30,9,10
11,31,31,33
11,32,13,13
11,33,10,10
11,34,18,19
11,35,12,13
11,36,17,17
11,37,11,12
11,38,19,20
11,39,10,10
11,40,26,27
11,41,11,12
11,42,19,19
11,43,23,25
11,44,17,18
11,45,15,15
11,46,23,26
11,47,19,20
11,48,18,19
11,49,19,22
11,50,17,19
11,51,13,15
11,52,17,17
11,53,15,15
11,54,16,17
11,55,7,8
11,56,18,20
11,57,21,23
11,58,14,14
11,59,12,13
11,60,17,19
11,61,27,30
11,62,21,22
11,63,22,23
11,64,17,17
11,65,11,12
11,66,18,19
11,67,8,8
11,68,12,14
11,69,15,17
11,70,18,19
11,71,9,9
11,72,12,13
11,73,14,16
11,74,11,11
11,75,5,5
11,76,14,16
11,77,13,13
11,78,26,29
11,79,13,13
11,80,11,11
11,81,29,33
11,82,12,12
11,83,8,9
11,84,26,29
11,85,14,15
11,86,11,12
11,87,20,21
11,88,35,39
11,89,22,23
11,90,9,10
11,91,18,20
11,92,15,16
11,93,19,21
11,94,18,18
11,95,10,11
11,96,6,6
11,97,10,11
11,98,9,10
11,99,9,10
11,100,9,10
11,101,24,26
11,102,12,13
11,103,16,17
11,104,5,5
11,105,10,11
11,106,9,9
11,107,15,16
11,108,18,19
11,109,20,22
11,110,18,20
11,111,10,11
11,112,12,13
11,113,17,17
11,114,14,16
11,115,7,7
11,116,26,27
11,117,8,8
11,118,10,11
11,119,15,17
11,120,17,18
11,121,9,9
11,122,3,3
11,123,16,17
12,1,5,6
12,2,6,6
12,3,16,16
12,4,15,15
12,5,15,16
12,6,25,26
12,7,7,7
12,8,15,15
12,9,14,14
12,10,16,16
12,11,11,11
12,12,8,8
12,13,13,13
12,14,9,9
12,15,17,18
12,16,4,4
12,17,18,19
12,18,18,21
12,19,16,19
12,20,9,9
12,21,32,34
12,22,9,10
12,23,23,26
12,24,19,22
12,25,23,24
12,26,19,20
12,27,10,10
12,28,13,14
12,29,10,12
12,30,18,20
12,31,32,33
12,32,19,21
12,33,17,18
12,34,10,11
12,35,11,11
12,36,27,31
12,37,26,28
12,38,26,28
12,39,9,9
12,40,32,35
12,41,19,21
12,42,18,18
12,43,24,25
12,44,8,9
12,45,11,11
12,46,22,22
12,47,14,14
12,48,15,15
12,49,11,11
12,50,22,24
12,51,29,31
12,52,12,12
12,53,15,17
12,54,14,15
12,55,8,9
12,56,17,19
12,57,7,7
12,58,9,9
12,59,17,18
12,60,10,10
12,61,6,6
12,62,14,14
12,63,16,16
12,64,17,19
12,65,25,29
12,66,24,25
12,67,27,31
12,68,30,31
12,69,16,17
12,70,15,15
12,71,5,5
12,72,12,12
12,73,12,12
12,74,6,6
12,75,11,12
12,76,33,37
12,77,24,27
12,78,15,16
12,79,13,13
12,80,37,40
12,81,17,17
12,82,11,12
12,83,18,21
12,84,12,12
12,85,12,12
12,86,13,13
12,87,20,21
12,88,21,22
12,89,10,10
12,90,23,26
12,91,9,9
12,92,11,13
12,93,12,12
12,94,12,13
12,95,6,6
12,96,20,21
12,97,8,8
12,98,9,10
12,99,14,14
12,100,46,50
12,101,21,23
12,102,14,15
12,103,6,6
12,104,10,11
12,105,11,11
12,106,7,7
12,107,14,14
12,108,17,19
12,109,29,32
12,110,19,20
12,111,23,24
13,1,15,17
13,2,26,30
13,3,24,27
13,4,27,28
13,5,25,29
13,6,20,22
13,7,15,17
13,8,15,16
13,9,5,5
13,10,14,14
13,11,35,38
13,12,9,9
13,13,19,19
13,14,27,29
13,15,11,12
13,16,45,49
13,17,42,47
13,18,27,30
13,19,15,16
13,20,7,7
13,21,13,13
13,22,19,19
13,23,15,16
13,24,7,8
13,25,23,24
13,26,16,17
13,27,19,20
13,28,11,12
13,29,8,8
13,30,28,29
13,31,51,55
13,32,13,14
13,33,39,43
13,34,14,16
13,35,19,23
13,36,25,28
13,37,20,21
13,38,21,23
13,39,8,9
13,40,13,13
13,41,16,18
13,42,18,20
13,43,15,16
14,1,16,17
14,2,14,15
14,3,16,17
14,4,19,21
14,5,21,22
14,6,26,27
14,7,11,12
14,8,13,13
14,9,37,40
14,10,33,35
14,11,29,31
14,12,17,19
14,13,16,17
14,14,10,11
14,15,5,5
14,16,7,7
14,17,16,17
14,18,22,25
14,19,14,15
14,20,5,5
14,21,34,36
14,22,44,49
14,23,17,18
14,24,15,15
14,25,12,13
14,26,13,13
14,27,18,20
14,28,12,12
14,29,4,5
14,30,12,13
14,31,21,21
14,32,25,27
14,33,9,10
14,34,15,17
14,35,13,13
14,36,15,17
14,37,26,26
14,38,18,19
14,39,13,14
14,40,9,10
14,41,8,8
14,42,13,14
14,43,9,10
14,44,26,27
14,45,14,14
14,46,12,12
14,47,11,12
14,48,10,11
14,49,6,6
14,50,6,6
14,51,10,11
14,52,13,13
15,1,6,7
15,2,7,7
15,3,7,8
15,4,8,8
15,5,7,7
15,6,8,8
15,7,8,8
15,8,9,9
15,9,7,7
15,10,7,7
15,11,8,8
15,12,5,5
15,13,7,8
15,14,9,9
15,15,8,8
15,16,7,7
15,17,5,5
15,18,7,7
15,19,11,11
15,20,8,8
15,21,11,11
15,22,12,12
15,23,6,6
15,24,7,7
15,25,7,8
15,26,8,8
15,27,7,7
15,28,12,12
15,29,9,9
15,30,4,4
15,31,7,7
15,32,8,8
15,33,11,11
15,34,5,5
15,35,6,6
15,36,6,6
15,37,4,4
15,38,4,4
15,39,10,10
15,40,4,4
15,41,5,5
15,42,11,11
15,43,4,4
15,44,8,8
15,45,5,5
15,46,3,3
15,47,10,10
15,48,8,8
15,49,6,6
15,50,5,5
15,51,4,4
15,52,9,9
15,53,7,7
15,54,8,8
15,55,7,7
15,56,8,8
15,57,5,5
15,58,6,6
15,59,6,6
15,60,6,7
15,61,5,5
15,62,4,4
15,63,7,7
15,64,4,4
15,65,14,14
15,66,9,9
15,67,4,4
15,68,6,6
15,69,4,4
15,70,5,5
15,71,6,6
15,72,5,5
15,73,3,3
15,74,8,8
15,75,5,5
15,76,3,3
15,77,5,5
15,78,5,5
15,79,5,5
15,80,5,5
15,81,5,5
15,82,6,6
15,83,3,3
15,84,6,6
15,85,14,16
15,86,5,5
15,87,7,7
15,88,15,15
15,89,5,5
15,90,4,4
15,91,4,4
15,92,3,3
15,93,3,3
15,94,6,6
15,95,3,3
15,96,8,9
15,97,7,7
15,98,6,6
15,99,5,5
16,1,9,10
16,2,18,18
16,3,7,8
16,4,8,8
16,5,8,9
16,6,7,7
16,7,14,15
16,8,9,10
16,9,10,11
16,10,13,14
16,11,16,17
16,12,15,17
16,13,13,14
16,14,21,21
16,15,11,11
16,16,4,5
16,17,7,8
16,18,10,11
16,19,6,6
16,20,10,10
16,21,7,8
16,22,11,12
16,23,13,14
16,24,9,10
16,25,15,17
16,26,21,21
16,27,21,22
16,28,19,21
16,29,8,9
16,30,20,24
16,31,15,17
16,32,12,13
16,33,22,24
16,34,10,10
16,35,32,34
16,36,28,30
16,37,14,15
16,38,18,20
16,39,11,11
16,40,10,10
16,41,18,20
16,42,5,5
16,43,15,16
16,44,12,13
16,45,16,16
16,46,7,7
16,47,8,8
16,48,17,17
16,49,14,14
16,50,7,8
16,51,12,14
16,52,11,12
16,53,12,13
16,54,10,10
16,55,6,8
16,56,12,13
16,57,7,8
16,58,9,9
16,59,19,21
16,60,12,14
16,61,23,25
16,62,17,18
16,63,17,17
16,64,14,15
16,65,16,17
16,66,17,18
16,67,15,16
16,68,13,13
16,69,24,26
16,70,20,22
16,71,22,24
16,72,21,22
16,73,15,15
16,74,10,11
16,75,27,30
16,76,29,31
16,77,19,21
16,78,15,16
16,79,18,19
16,80,25,26
16,81,25,26
16,82,6,6
16,83,7,7
16,84,14,14
16,85,11,11
16,86,19,20
16,87,10,11
16,88,13,13
16,89,24,26
16,90,16,17
16,91,20,21
16,92,32,34
16,93,17,18
16,94,19,20
16,95,15,16
16,96,15,17
16,97,18,19
16,98,8,8
16,99,10,10
16,100,9,9
16,101,17,19
16,102,13,13
16,103,16,17
16,104,12,12
16,105,11,12
16,106,24,24
16,107,13,13
16,108,11,12
16,109,7,7
16,110,18,18
16,111,15,15
16,112,24,24
16,113,9,9
16,114,13,13
16,115,22,23
16,116,22,23
16,117,5,5
16,118,15,16
16,119,19,19
16,120,11,11
16,121,7,8
16,122,9,10
16,123,12,13
16,124,17,18
16,125,22,25
16,126,12,13
16,127,14,15
16,128,8,8
17,1,21,22
17,2,12,12
17,3,9,10
17,4,13,13
17,5,17,18
17,6,11,11
17,7,23,25
17,8,11,13
17,9,16,16
17,10,9,9
17,11,8,9
17,12,23,25
17,13,13,14
17,14,7,7
17,15,21,24
17,16,14,14
17,17,13,14
17,18,18,18
17,19,12,12
17,20,12,13
17,21,11,12
17,22,9,9
17,23,25,26
17,24,12,12
17,25,12,13
17,26,10,10
17,27,9,10
17,28,12,12
17,29,13,13
17,30,12,13
17,31,13,15
17,32,8,9
17,33,22,24
17,34,17,19
17,35,11,12
17,36,16,17
17,37,13,14
17,38,7,7
17,39,18,19
17,40,11,12
17,41,10,10
17,42,13,13
17,43,6,6
17,44,21,23
17,45,12,12
17,46,19,20
17,47,19,19
17,48,9,9
17,49,9,9
17,50,5,5
17,51,25,29
17,52,9,9
17,53,16,18
17,54,14,16
17,55,15,17
17,56,13,13
17,57,18,19
17,58,18,19
17,59,21,23
17,60,25,27
17,61,13,13
17,62,15,15
17,63,10,10
17,64,19,20
17,65,9,10
17,66,14,15
17,67,18,20
17,68,15,15
17,69,22,23
17,70,17,17
17,71,15,16
17,72,11,11
17,73,13,14
17,74,9,9
17,75,12,12
17,76,13,14
17,77,11,12
17,78,14,15
17,79,12,12
17,80,14,14
17,81,9,10
17,82,13,14
17,83,12,13
17,84,11,11
17,85,14,15
17,86,13,13
17,87,9,10
17,88,19,19
17,89,14,14
17,90,10,10
17,91,11,11
17,92,12,12
17,93,26,27
17,94,15,15
17,95,14,14
17,96,11,12
17,97,27,31
17,98,14,14
17,99,23,23
17,100,14,15
17,101,18,19
17,102,15,15
17,103,9,9
17,104,14,14
17,105,9,10
17,106,9,9
17,107,18,19
17,108,8,8
17,109,5,6
17,110,22,24
17,111,21,22
18,1,11,12
18,2,15,15
18,3,3,3
18,4,6,6
18,5,16,18
18,6,11,11
18,7,11,11
18,8,6,6
18,9,10,10
18,10,16,16
18,11,7,7
18,12,9,9
18,13,11,12
18,14,19,20
18,15,18,20
18,16,19,19
18,17,34,37
18,18,22,25
18,19,38,41
18,20,13,13
18,21,32,35
18,22,33,36
18,23,7,7
18,24,17,18
18,25,8,8
18,26,23,26
18,27,15,16
18,28,30,32
18,29,28,32
18,30,12,12
18,31,28,29
18,32,14,14
18,33,11,12
18,34,13,13
18,35,12,12
18,36,12,12
18,37,16,16
18,38,8,8
18,39,19,20
18,40,15,15
18,41,8,8
18,42,19,19
18,43,11,11
18,44,9,10
18,45,23,24
18,46,13,14
18,47,11,11
18,48,16,17
18,49,27,29
18,50,26,28
18,51,13,13
18,52,13,13
18,53,10,10
18,54,14,15
18,55,19,19
18,56,18,20
18,57,30,32
18,58,19,21
18,59,8,8
18,60,13,13
18,61,11,11
18,62,12,12
18,63,20,21
18,64,9,10
18,65,12,12
18,66,11,11
18,67,6,6
18,68,8,8
18,69,10,10
18,70,12,12
18,71,15,16
18,72,8,8
18,73,10,10
18,74,16,16
18,75,9,9
18,76,13,14
18,77,24,25
18,78,12,13
18,79,17,17
18,80,10,10
18,81,9,9
18,82,35,37
18,83,9,10
18,84,10,10
18,85,2,2
18,86,24,25
18,87,13,13
18,88,13,14
18,89,3,3
18,90,15,15
18,91,6,6
18,92,3,3
18,93,13,13
18,94,19,19
18,95,12,12
18,96,19,21
18,97,8,8
18,98,15,17
18,99,11,12
18,100,5,5
18,101,11,11
18,102,14,15
18,103,5,5
18,104,11,11
18,105,14,14
18,106,9,9
18,107,10,10
18,108,6,6
18,109,18,18
18,110,24,25
19,1,1,1
19,2,5,5
19,3,5,5
19,4,14,14
19,5,13,13
19,6,8,9
19,7,12,12
19,8,14,14
19,9,14,14
19,10,13,14
19,11,11,11
19,12,7,8
19,13,6,7
19,14,6,6
19,15,9,9
19,16,10,10
19,17,11,11
19,18,8,8
19,19,9,9
19,20,11,11
19,21,15,17
19,22,5,5
19,23,13,13
19,24,10,10
19,25,8,8
19,26,18,19
19,27,10,11
19,28,11,11
19,29,10,11
19,30,8,8
19,31,11,11
19,32,6,6
19,33,9,9
19,34,9,10
19,35,16,18
19,36,8,9
19,37,11,12
19,38,11,12
19,39,12,12
19,40,8,8
19,41,8,9
19,42,15,15
19,43,13,13
19,44,9,10
19,45,11,11
19,46,12,14
19,47,10,12
19,48,14,14
19,49,14,15
19,50,9,9
19,51,10,11
19,52,7,7
19,53,7,7
19,54,11,12
19,55,9,9
19,56,8,9
19,57,3,3
19,58,29,31
19,59,11,12
19,60,12,12
19,61,11,12
19,62,11,12
19,63,9,9
19,64,18,20
19,65,12,13
19,66,8,8
19,67,10,10
19,68,8,8
19,69,10,10
19,70,8,8
19,71,9,10
19,72,8,8
19,73,16,16
19,74,9,9
19,75,25,26
19,76,13,14
19,77,8,8
19,78,7,7
19,79,9,10
19,80,5,5
19,81,8,8
19,82,6,7
19,83,9,9
19,84,7,8
19,85,6,6
19,86,5,5
19,87,9,9
19,88,4,4
19,89,4,4
19,90,9,9
19,91,4,4
19,92,6,6
19,93,10,10
19,94,4,4
19,95,5,5
19,96,9,9
19,97,10,10
19,98,14,14
20,1,1,1
20,2,5,5
20,3,4,4
20,4,6,6
20,5,4,4
20,6,12,12
20,7,7,7
20,8,8,9
20,9,4,4
20,10,18,18
20,11,4,4
20,12,9,10
20,13,5,5
20,14,11,11
20,15,10,10
20,16,10,10
20,17,4,4
20,18,13,13
20,19,3,3
20,20,5,5
20,21,7,8
20,22,11,11
20,23,4,4
20,24,5,5
20,25,5,5
20,26,3,3
20,27,4,4
20,28,2,2
20,29,5,5
20,30,2,2
20,31,3,3
20,32,3,3
20,33,3,3
20,34,2,2
20,35,4,4
20,36,5,5
20,37,5,5
20,38,6,6
20,39,22,23
20,40,34,37
20,41,2,2
20,42,8,8
20,43,5,5
20,44,8,8
20,45,10,10
20,46,7,8
20,47,21,23
20,48,10,10
20,49,4,4
20,50,9,9
20,51,5,5
20,52,11,12
20,53,19,19
20,54,9,10
20,55,8,8
20,56,6,6
20,57,7,7
20,58,14,14
20,59,8,8
20,60,6,6
20,61,15,16
20,62,5,5
20,63,13,13
20,64,10,11
20,65,11,11
20,66,12,13
20,67,5,5
20,68,6,6
20,69,16,18
20,70,8,8
20,71,26,28
20,72,19,21
20,73,14,15
20,74,13,13
20,75,10,10
20,76,12,13
20,77,18,18
20,78,8,8
20,79,5,5
20,80,14,14
20,81,17,18
20,82,9,9
20,83,5,5
20,84,9,9
20,85,9,9
20,86,26,28
20,87,15,15
20,88,12,12
20,89,12,12
20,90,16,17
20,91,9,9
20,92,7,7
20,93,4,5
20,94,18,19
20,95,4,4
20,96,16,16
20,97,28,31
20,98,12,13
20,99,13,14
20,100,8,8
20,101,7,8
20,102,8,9
20,103,6,6
20,104,12,12
20,105,7,7
20,106,3,3
20,107,6,6
20,108,13,14
20,109,12,12
20,110,10,10
20,111,9,10
20,112,11,11
20,113,14,14
20,114,17,19
20,115,11,11
20,116,9,9
20,117,12,12
20,118,7,7
20,119,6,6
20,120,13,13
20,121,15,16
20,122,6,6
20,123,18,20
20,124,12,12
20,125,8,8
20,126,8,9
20,127,12,13
20,128,17,18
20,129,9,9
20,130,20,21
20,131,18,19
20,132,12,15
20,133,13,14
20,134,19,19
20,135,11,12
21,1,7,7
21,2,11,11
21,3,15,17
21,4,10,11
21,5,14,14
21,6,8,9
21,7,14,15
21,8,9,9
21,9,8,8
21,10,8,9
21,11,10,10
21,12,7,7
21,13,10,10
21,14,5,5
21,15,8,8
21,16,7,7
21,17,11,11
21,18,13,14
21,19,13,14
21,20,5,5
21,21,7,7
21,22,13,14
21,23,6,6
21,24,22,26
21,25,15,15
21,26,8,10
21,27,6,6
21,28,15,15
21,29,13,14
21,30,18,20
21,31,13,13
21,32,8,9
21,33,11,12
21,34,10,11
21,35,10,12
21,36,17,17
21,37,8,9
21,38,7,7
21,39,16,16
21,40,10,10
21,41,13,13
21,42,13,14
21,43,14,15
21,44,18,20
21,45,11,12
21,46,11,11
21,47,20,22
21,48,8,8
21,49,8,8
21,50,7,8
21,51,9,9
21,52,11,11
21,53,5,5
21,54,8,8
21,55,7,7
21,56,13,13
21,57,7,7
21,58,8,8
21,59,8,8
21,60,7,7
21,61,8,8
21,62,6,6
21,63,9,9
21,64,7,7
21,65,9,9
21,66,11,11
21,67,9,10
21,68,7,7
21,69,7,7
21,70,5,5
21,71,8,8
21,72,8,9
21,73,15,16
21,74,16,17
21,75,6,7
21,76,12,12
21,77,12,13
21,78,14,14
21,79,14,17
21,80,10,11
21,81,14,15
21,82,12,13
21,83,10,10
21,84,16,17
21,85,7,8
21,86,6,7
21,87,23,23
21,88,8,9
21,89,11,11
21,90,19,21
21,91,11,11
21,92,8,8
21,93,6,7
21,94,12,12
21,95,7,7
21,96,10,10
21,97,19,19
21,98,11,11
21,99,9,10
21,100,7,7
21,101,9,9
21,102,9,10
21,103,11,11
21,104,16,19
21,105,12,12
21,106,6,6
21,107,5,5
21,108,11,12
21,109,13,14
21,110,8,8
21,111,8,8
21,112,10,11
22,1,9,10
22,2,22,22
22,3,12,12
22,4,11,11
22,5,69,72
22,6,13,13
22,7,12,12
22,8,13,13
22,9,15,17
22,10,9,9
22,11,25,28
22,12,14,15
22,13,10,11
22,14,17,18
22,15,22,22
22,16,9,9
22,17,22,23
22,18,37,41
22,19,17,18
22,20,6,6
22,21,4,4
22,22,12,12
22,23,22,23
22,24,9,9
22,25,25,26
22,26,16,16
22,27,14,14
22,28,20,21
22,29,8,8
22,30,24,26
22,31,21,22
22,32,9,9
22,33,11,11
22,34,20,22
22,35,15,15
22,36,27,30
22,37,20,22
22,38,13,14
22,39,10,11
22,40,35,38
22,41,17,18
22,42,9,9
22,43,4,4
22,44,11,13
22,45,14,14
22,46,23,24
22,47,14,15
22,48,11,11
22,49,8,8
22,50,8,8
22,51,8,8
22,52,27,28
22,53,16,17
22,54,21,22
22,55,16,16
22,56,12,13
22,57,8,8
22,58,18,19
22,59,7,8
22,60,16,17
22,61,15,15
22,62,17,17
22,63,15,16
22,64,12,13
22,65,27,28
22,66,10,11
22,67,17,20
22,68,7,7
22,69,9,9
22,70,18,20
22,71,18,19
22,72,29,33
22,73,28,31
22,74,9,10
22,75,11,12
22,76,10,11
22,77,11,12
22,78,44,49
23,1,3,3
23,2,5,5
23,3,5,5
23,4,4,4
23,5,4,4
23,6,10,10
23,7,7,7
23,8,5,5
23,9,5,5
23,10,3,3
23,11,6,6
23,12,7,7
23,13,6,6
23,14,21,22
23,15,5,5
23,16,5,5
23,17,10,10
23,18,13,14
23,19,13,13
23,20,9,9
23,21,15,16
23,22,4,4
23,23,16,17
23,24,26,26
23,25,10,10
23,26,5,5
23,27,32,35
23,28,15,15
23,29,8,8
23,30,7,7
23,31,6,6
23,32,14,15
23,33,25,25
23,34,7,7
23,35,9,9
23,36,4,4
23,37,10,10
23,38,12,12
23,39,5,5
23,40,5,5
23,41,8,9
23,42,6,6
23,43,7,7
23,44,19,22
23,45,8,8
23,46,7,7
23,47,7,7
23,48,4,4
23,49,6,6
23,50,11,11
23,51,11,12
23,52,8,8
23,53,9,10
23,54,5,5
23,55,7,7
23,56,7,8
23,57,7,7
23,58,5,5
23,59,5,5
23,60,10,10
23,61,7,7
23,62,12,14
23,63,14,14
23,64,8,8
23,65,7,8
23,66,9,9
23,67,4,4
23,68,10,10
23,69,7,7
23,70,10,11
23,71,16,17
23,72,9,10
23,73,5,5
23,74,8,8
23,75,11,11
23,76,8,8
23,77,12,12
23,78,10,11
23,79,7,7
23,80,10,11
23,81,6,6
23,82,8,8
23,83,12,12
23,84,8,8
23,85,5,6
23,86,8,8
23,87,5,6
23,88,14,14
23,89,5,6
23,90,5,5
23,91,24,26
23,92,6,6
23,93,6,6
23,94,6,6
23,95,7,7
23,96,9,10
23,97,7,7
23,98,5,5
23,99,8,8
23,100,16,19
23,101,10,10
23,102,6,6
23,103,10,10
23,104,6,6
23,105,8,8
23,106,8,8
23,107,7,7
23,108,5,5
23,109,14,14
23,110,8,8
23,111,8,8
23,112,7,7
23,113,8,8
23,114,9,10
23,115,8,8
23,116,11,12
23,117,18,19
23,118,7,7
24,1,9,9
24,2,26,28
24,3,18,19
24,4,19,20
24,5,11,11
24,6,17,18
24,7,9,9
24,8,11,12
24,9,9,9
24,10,9,9
24,11,28,32
24,12,12,12
24,13,14,15
24,14,15,15
24,15,16,16
24,16,14,14
24,17,9,9
24,18,7,8
24,19,20,21
24,20,9,9
24,21,34,37
24,22,26,29
24,23,13,13
24,24,9,9
24,25,11,11
24,26,16,19
24,27,18,19
24,28,22,25
24,29,17,18
24,30,15,17
24,31,78,82
24,32,17,19
24,33,48,52
24,34,13,13
24,35,48,55
24,36,14,14
24,37,19,20
24,38,14,15
24,39,22,23
24,40,33,35
24,41,21,23
24,42,7,8
24,43,38,39
24,44,10,11
24,45,31,34
24,46,11,12
24,47,15,16
24,48,11,11
24,49,7,7
24,50,16,17
24,51,18,19
24,52,10,10
24,53,17,20
24,54,23,26
24,55,38,40
24,56,8,8
24,57,11,13
24,58,49,55
24,59,19,21
24,60,23,25
24,61,76,79
24,62,39,42
24,63,27,29
24,64,22,24
25,1,9,9
25,2,19,19
25,3,22,22
25,4,16,17
25,5,9,9
25,6,12,13
25,7,16,17
25,8,17,18
25,9,9,9
25,10,17,17
25,11,8,9
25,12,9,9
25,13,9,9
25,14,8,8
25,15,13,14
25,16,10,11
25,17,16,16
25,18,21,21
25,19,15,16
25,20,20,22
25,21,19,20
25,22,10,10
25,23,9,9
25,24,7,7
25,25,7,7
25,26,9,10
25,27,11,11
25,28,6,6
25,29,11,12
25,30,9,9
25,31,11,12
25,32,15,17
25,33,8,8
25,34,11,11
25,35,9,9
25,36,9,9
25,37,13,14
25,38,8,8
25,39,7,8
25,40,16,18
25,41,11,11
25,42,17,18
25,43,9,9
25,44,15,17
25,45,16,16
25,46,5,5
25,47,11,11
25,48,13,14
25,49,10,10
25,50,9,9
25,51,7,7
25,52,7,7
25,53,15,15
25,54,12,13
25,55,14,15
25,56,5,5
25,57,14,14
25,58,13,14
25,59,17,18
25,60,13,14
25,61,11,11
25,62,13,13
25,63,12,12
25,64,5,5
25,65,11,12
25,66,4,4
25,67,11,11
25,68,22,23
25,69,8,8
25,70,16,17
25,71,9,9
25,72,9,9
25,73,10,10
25,74,13,13
25,75,9,9
25,76,5,6
25,77,12,13
26,1,1,1
26,2,4,4
26,3,6,6
26,4,11,11
26,5,11,11
26,6,8,8
26,7,11,11
26,8,8,9
26,9,5,5
26,10,8,8
26,11,4,5
26,12,6,6
26,13,8,8
26,14,6,6
26,15,7,9
26,16,7,7
26,17,5,5
26,18,10,10
26,19,7,7
26,20,6,6
26,21,11,11
26,22,8,8
26,23,5,5
26,24,9,10
26,25,5,5
26,26,5,5
26,27,7,7
26,28,9,10
26,29,8,8
26,30,5,5
26,31,7,7
26,32,6,6
26,33,6,6
26,34,7,7
26,35,8,8
26,36,7,7
26,37,4,4
26,38,5,5
26,39,5,5
26,40,7,7
26,41,12,12
26,42,6,6
26,43,7,7
26,44,9,9
26,45,8,8
26,46,3,3
26,47,4,4
26,48,3,3
26,49,21,23
26,50,7,8
26,51,11,11
26,52,8,8
26,53,5,5
26,54,4,4
26,55,3,3
26,56,3,3
26,57,4,4
26,58,3,3
26,59,4,4
26,60,2,2
26,61,8,8
26,62,6,7
26,63,13,14
26,64,3,3
26,65,5,5
26,66,3,3
26,67,8,9
26,68,5,5
26,69,4,4
26,70,6,6
26,71,6,6
26,72,5,5
26,73,4,4
26,74,6,6
26,75,5,5
26,76,3,3
26,77,6,6
26,78,4,4
26,79,4,4
26,80,4,4
26,81,4,4
26,82,8,8
26,83,6,6
26,84,6,6
26,85,5,5
26,86,6,6
26,87,4,4
26,88,6,6
26,89,6,6
26,90,3,3
26,91,3,3
26,92,6,6
26,93,7,7
26,94,4,4
26,95,3,3
26,96,4,4
26,97,6,6
26,98,4,4
26,99,4,4
26,100,4,4
26,101,3,3
26,102,7,7
26,103,8,9
26,104,5,5
26,105,4,4
26,106,7,7
26,107,4,4
26,108,3,3
26,109,11,12
26,110,3,3
26,111,5,5
26,112,6,6
26,113,7,8
26,114,4,4
26,115,5,5
26,116,8,8
26,117,5,5
26,118,9,9
26,119,6,6
26,120,4,4
26,121,8,9
26,122,5,5
26,123,3,3
26,124,7,7
26,125,4,4
26,126,3,3
26,127,11,12
26,128,5,5
26,129,4,4
26,130,4,4
26,131,3,3
26,132,5,5
26,133,3,3
26,134,2,2
26,135,6,6
26,136,9,9
26,137,5,5
26,138,3,3
26,139,10,12
26,140,5,5
26,141,3,3
26,142,7,7
26,143,4,4
26,144,3,3
26,145,11,12
26,146,5,5
26,147,3,3
26,148,4,4
26,149,5,5
26,150,3,3
26,151,4,4
26,152,6,6
26,153,5,5
26,154,11,11
26,155,9,9
26,156,7,7
26,157,3,3
26,158,10,12
26,159,5,5
26,160,4,4
26,161,7,7
26,162,4,4
26,163,3,3
26,164,11,12
26,165,4,4
26,166,11,12
26,167,8,8
26,168,5,5
26,169,5,5
26,170,3,3
26,171,4,4
26,172,3,3
26,173,6,7
26,174,8,9
26,175,5,5
26,176,4,4
26,177,6,6
26,178,4,4
26,179,3,3
26,180,11,12
26,181,6,6
26,182,3,3
26,183,9,9
26,184,5,5
26,185,5,5
26,186,9,9
26,187,9,9
26,188,5,5
26,189,10,11
26,190,8,9
26,191,5,5
26,192,4,4
26,193,4,4
26,194,5,5
26,195,3,3
26,196,4,4
26,197,9,9
26,198,5,5
26,199,6,6
26,200,5,5
26,201,7,7
26,202,5,5
26,203,4,4
26,204,2,2
26,205,4,4
26,206,5,5
26,207,6,6
26,208,7,7
26,209,4,4
26,210,4,4
26,211,5,5
26,212,4,4
26,213,9,9
26,214,3,3
26,215,6,6
26,216,7,7
26,217,4,4
26,218,4,4
26,219,3,3
26,220,4,4
26,221,6,6
26,222,5,5
26,223,4,4
26,224,3,3
26,225,7,7
26,226,5,5
26,227,19,20
27,1,6,7
27,2,3,3
27,3,9,9
27,4,10,10
27,5,10,10
27,6,7,7
27,7,16,16
27,8,14,14
27,9,6,6
27,10,19,21
27,11,11,11
27,12,19,21
27,13,8,8
27,14,11,12
27,15,15,16
27,16,18,20
27,17,9,9
27,18,19,19
27,19,24,24
27,20,12,12
27,21,9,9
27,22,14,14
27,23,11,11
27,24,17,17
27,25,14,14
27,26,8,9
27,27,7,7
27,28,11,11
27,29,8,8
27,30,8,8
27,31,5,5
27,32,12,12
27,33,12,12
27,34,13,14
27,35,8,8
27,36,16,16
27,37,13,13
27,38,10,10
27,39,16,17
27,40,38,41
27,41,12,12
27,42,14,16
27,43,12,13
27,44,28,31
27,45,13,13
27,46,12,13
27,47,13,15
27,48,10,10
27,49,14,14
27,50,7,7
27,51,9,9
27,52,11,12
27,53,5,5
27,54,8,8
27,55,11,12
27,56,15,16
27,57,7,7
27,58,6,7
27,59,12,13
27,60,27,29
27,61,21,23
27,62,16,18
27,63,20,22
27,64,19,21
27,65,14,15
27,66,14,16
27,67,9,9
27,68,12,12
27,69,9,9
27,70,9,9
27,71,7,7
27,72,9,9
27,73,10,10
27,74,8,8
27,75,10,10
27,76,12,12
27,77,4,4
27,78,8,9
27,79,7,8
27,80,11,11
27,81,14,15
27,82,16,16
27,83,11,11
27,84,13,13
27,85,8,8
27,86,15,16
27,87,18,19
27,88,18,20
27,89,11,11
27,90,13,13
27,91,17,18
27,92,15,17
27,93,11,12
28,1,1,1
28,2,4,4
28,3,9,9
28,4,19,20
28,5,12,12
28,6,12,12
28,7,22,24
28,8,13,14
28,9,18,19
28,10,17,18
28,11,10,11
28,12,16,16
28,13,17,17
28,14,10,11
28,15,38,41
28,16,13,14
28,17,9,9
28,18,16,17
28,19,32,33
28,20,18,18
28,21,10,11
28,22,11,11
28,23,27,30
28,24,15,15
28,25,26,28
28,26,10,11
28,27,29,32
28,28,15,17
28,29,27,27
28,30,19,19
28,31,19,22
28,32,25,27
28,33,9,9
28,34,14,15
28,35,15,16
28,36,17,17
28,37,18,19
28,38,27,27
28,39,12,12
28,40,10,11
28,41,9,10
28,42,10,11
28,43,16,16
28,44,13,13
28,45,18,19
28,46,20,20
28,47,18,18
28,48,26,28
28,49,13,13
28,50,23,25
28,51,6,6
28,52,8,8
28,53,15,15
28,54,12,12
28,55,15,15
28,56,13,14
28,57,25,26
28,58,17,19
28,59,20,21
28,60,15,17
28,61,17,17
28,62,8,8
28,63,18,20
28,64,13,14
28,65,6,6
28,66,7,7
28,67,11,11
28,68,14,16
28,69,7,7
28,70,15,17
28,71,19,20
28,72,21,22
28,73,13,13
28,74,8,8
28,75,17,17
28,76,29,31
28,77,26,30
28,78,28,30
28,79,20,21
28,80,16,16
28,81,17,17
28,82,26,28
28,83,14,15
28,84,18,19
28,85,19,20
28,86,15,16
28,87,16,18
28,88,19,22
29,1,1,1
29,2,10,10
29,3,11,12
29,4,10,11
29,5,12,13
29,6,10,11
29,7,12,12
29,8,21,23
29,9,7,7
29,10,31,32
29,11,6,6
29,12,18,19
29,13,11,12
29,14,16,16
29,15,6,6
29,16,13,14
29,17,27,29
29,18,13,14
29,19,13,14
29,20,19,21
29,21,8,9
29,22,17,18
29,23,13,13
29,24,20,21
29,25,27,28
29,26,12,14
29,27,18,19
29,28,14,14
29,29,23,24
29,30,6,6
29,31,15,16
29,32,16,18
29,33,23,24
29,34,12,12
29,35,7,7
29,36,16,16
29,37,7,7
29,38,16,17
29,39,13,14
29,40,28,30
29,41,19,21
29,42,12,13
29,43,8,9
29,44,10,11
29,45,21,24
29,46,25,26
29,47,19,22
29,48,13,14
29,49,14,15
29,50,16,17
29,51,15,16
29,52,19,21
29,53,12,13
29,54,6,6
29,55,13,13
29,56,8,8
29,57,7,8
29,58,17,18
29,59,5,5
29,60,12,13
29,61,13,14
29,62,14,15
29,63,22,24
29,64,15,17
29,65,16,16
29,66,6,7
29,67,15,16
29,68,17,18
29,69,9,10
30,1,1,1
30,2,2,2
30,3,8,8
30,4,12,14
30,5,8,10
30,6,11,12
30,7,10,10
30,8,22,24
30,9,32,34
30,10,13,13
30,11,8,8
30,12,5,5
30,13,9,9
30,14,5,5
30,15,9,9
30,16,11,11
30,17,6,6
30,18,8,8
30,19,14,15
30,20,11,11
30,21,20,21
30,22,13,14
30,23,14,15
30,24,21,22
30,25,16,17
30,26,8,9
30,27,18,20
30,28,27,29
30,29,16,18
30,30,22,25
30,31,9,9
30,32,11,12
30,33,18,18
30,34,6,7
30,35,10,10
30,36,15,16
30,37,15,16
30,38,16,18
30,39,22,23
30,40,22,24
30,41,15,15
30,42,14,15
30,43,16,17
30,44,9,10
30,45,11,12
30,46,17,17
30,47,18,19
30,48,28,29
30,49,10,10
30,50,19,21
30,51,9,9
30,52,11,11
30,53,14,15
30,54,24,26
30,55,12,13
30,56,20,21
30,57,9,9
30,58,19,20
30,59,8,8
30,60,10,11
31,1,1,1
31,2,4,4
31,3,3,3
31,4,9,9
31,5,8,9
31,6,18,19
31,7,16,17
31,8,8,8
31,9,8,10
31,10,27,29
31,11,14,15
31,12,18,20
31,13,14,15
31,14,17,17
31,15,29,32
31,16,24,25
31,17,17,18
31,18,16,17
31,19,11,12
31,20,30,31
31,21,21,22
31,22,15,16
31,23,15,17
31,24,7,7
31,25,15,17
31,26,10,11
31,27,21,22
31,28,11,12
31,29,25,25
31,30,16,16
31,31,19,20
31,32,22,23
31,33,30,32
31,34,27,30
32,1,1,1
32,2,8,8
32,3,18,19
32,4,24,26
32,5,17,17
32,6,6,6
32,7,10,11
32,8,8,8
32,9,14,16
32,10,14,15
32,11,11,11
32,12,16,16
32,13,16,16
32,14,14,15
32,15,15,16
32,16,11,11
32,17,13,13
32,18,8,9
32,19,12,12
32,20,21,22
32,21,9,9
32,22,13,14
32,23,14,15
32,24,10,11
32,25,11,11
32,26,18,20
32,27,17,18
32,28,7,7
32,29,11,11
32,30,5,5
33,1,13,14
33,2,12,13
33,3,6,7
33,4,28,32
33,5,28,31
33,6,29,32
33,7,17,18
33,8,8,9
33,9,21,22
33,10,16,16
33,11,6,6
33,12,13,13
33,13,25,27
33,14,14,14
33,15,13,14
33,16,15,15
33,17,24,25
33,18,14,15
33,19,35,39
33,20,23,25
33,21,17,17
33,22,18,19
33,23,18,20
33,24,16,17
33,25,16,18
33,26,16,16
33,27,13,14
33,28,15,15
33,29,14,14
33,30,16,17
33,31,14,14
33,32,19,20
33,33,25,27
33,34,14,15
33,35,30,30
33,36,24,25
33,37,48,50
33,38,22,24
33,39,13,14
33,40,17,18
33,41,7,7
33,42,3,3
33,43,13,14
33,44,8,9
33,45,7,7
33,46,6,6
33,47,8,8
33,48,12,13
33,49,22,23
33,50,61,63
33,51,35,39
33,52,25,26
33,53,69,75
33,54,11,11
33,55,30,32
33,56,13,14
33,57,14,14
33,58,12,12
33,59,21,23
33,60,19,19
33,61,6,7
33,62,12,13
33,63,15,17
33,64,7,7
33,65,8,9
33,66,11,11
33,67,8,8
33,68,8,8
33,69,16,17
33,70,8,8
33,71,14,15
33,72,18,19
33,73,15,16
34,1,17,18
34,2,18,19
34,3,32,34
34,4,10,11
34,5,11,11
34,6,16,16
34,7,16,16
34,8,16,17
34,9,29,31
34,10,12,14
34,11,12,14
34,12,27,30
34,13,19,21
34,14,27,28
34,15,20,23
34,16,16,16
34,17,8,9
34,18,17,18
34,19,19,20
34,20,10,10
34,21,21,22
34,22,26,27
34,23,22,25
34,24,17,19
34,25,9,9
34,26,11,11
34,27,12,14
34,28,12,12
34,29,7,7
34,30,10,10
34,31,32,33
34,32,15,16
34,33,34,36
34,34,14,14
34,35,8,8
34,36,13,13
34,37,23,23
34,38,9,9
34,39,20,22
34,40,10,10
34,41,13,15
34,42,18,18
34,43,34,35
34,44,11,12
34,45,14,15
34,46,24,27
34,47,17,19
34,48,7,7
34,49,8,8
34,50,16,18
34,51,10,10
34,52,9,9
34,53,10,11
34,54,15,16
35,1,24,26
35,2,19,21
35,3,21,24
35,4,11,12
35,5,14,16
35,6,13,14
35,7,13,14
35,8,25,28
35,9,17,18
35,10,24,27
35,11,34,37
35,12,28,30
35,13,28,30
35,14,18,20
35,15,10,11
35,16,6,6
35,17,5,5
35,18,34,38
35,19,4,4
35,20,4,4
35,21,4,4
35,22,16,18
35,23,4,4
35,24,12,13
35,25,13,13
35,26,7,8
35,27,22,23
35,28,17,19
35,29,16,16
35,30,8,9
35,31,16,17
35,32,21,23
35,33,13,14
35,34,11,12
35,35,14,14
35,36,18,19
35,37,25,27
35,38,10,11
35,39,24,27
35,40,33,34
35,41,19,21
35,42,19,20
35,43,26,30
35,44,30,32
35,45,25,26
36,1,1,1
36,2,2,2
36,3,3,3
36,4,3,3
36,5,3,3
36,6,7,7
36,7,8,8
36,8,10,10
36,9,12,12
36,10,8,8
36,11,12,13
36,12,14,15
36,13,8,8
36,14,11,11
36,15,15,15
36,16,6,6
36,17,5,5
36,18,12,13
36,19,9,11
36,20,10,10
36,21,7,7
36,22,8,8
36,23,15,15
36,24,5,5
36,25,4,4
36,26,7,8
36,27,7,7
36,28,13,13
36,29,8,8
36,30,11,12
36,31,11,11
36,32,6,6
36,33,10,10
36,34,10,10
36,35,8,9
36,36,13,13
36,37,9,9
36,38,8,9
36,39,7,7
36,40,15,16
36,41,8,8
36,42,6,6
36,43,9,9
36,44,6,6
36,45,11,11
36,46,11,11
36,47,24,24
36,48,7,7
36,49,8,8
36,50,7,7
36,51,10,10
36,52,12,14
36,53,10,10
36,54,11,11
36,55,7,7
36,56,7,7
36,57,6,6
36,58,5,5
36,59,4,4
36,60,13,14
36,61,5,6
36,62,8,9
36,63,5,5
36,64,5,5
36,65,11,11
36,66,9,9
36,67,10,10
36,68,7,8
36,69,12,13
36,70,8,8
36,71,12,12
36,72,6,6
36,73,6,7
36,74,7,7
36,75,7,7
36,76,9,10
36,77,11,11
36,78,11,12
36,79,10,11
36,80,11,11
36,81,14,15
36,82,10,10
36,83,8,8
37,1,2,2
37,2,2,2
37,3,2,2
37,4,3,3
37,5,7,7
37,6,6,6
37,7,5,5
37,8,9,9
37,9,4,5
37,10,7,7
37,11,12,13
37,12,3,3
37,13,4,4
37,14,4,4
37,15,6,6
37,16,7,7
37,17,2,2
37,18,4,4
37,19,7,7
37,20,5,5
37,21,7,7
37,22,7,7
37,23,7,7
37,24,3,4
37,25,4,4
37,26,4,4
37,27,5,5
37,28,6,6
37,29,5,5
37,30,10,11
37,31,6,7
37,32,4,4
37,33,5,5
37,34,4,4
37,35,10,10
37,36,6,6
37,37,5,5
37,38,4,4
37,39,6,6
37,40,4,4
37,41,4,4
37,42,3,4
37,43,3,3
37,44,3,3
37,45,5,5
37,46,3,3
37,47,7,7
37,48,4,4
37,49,3,3
37,50,5,5
37,51,7,7
37,52,4,4
37,53,7,7
37,54,4,4
37,55,5,5
37,56,5,5
37,57,6,6
37,58,3,3
37,59,6,6
37,60,5,5
37,61,4,4
37,62,6,6
37,63,4,4
37,64,6,6
37,65,4,4
37,66,6,6
37,67,7,7
37,68,5,5
37,69,4,4
37,70,4,4
37,71,5,5
37,72,4,4
37,73,5,5
37,74,4,4
37,75,5,5
37,76,5,5
37,77,4,4
37,78,4,4
37,79,5,5
37,80,4,4
37,81,4,4
37,82,3,3
37,83,4,4
37,84,5,5
37,85,6,6
37,86,5,5
37,87,4,4
37,88,4,4
37,89,3,3
37,90,3,3
37,91,6,6
37,92,4,4
37,93,4,4
37,94,3,3
37,95,4,4
37,96,4,4
37,97,7,7
37,98,5,5
37,99,6,6
37,100,5,5
37,101,3,3
37,102,26,28
37,103,4,4
37,104,3,3
37,105,7,8
37,106,5,5
37,107,3,3
37,108,4,4
37,109,3,3
37,110,3,3
37,111,4,4
37,112,5,5
37,113,10,11
37,114,5,5
37,115,5,5
37,116,4,4
37,117,3,3
37,118,3,3
37,119,4,4
37,120,4,4
37,121,4,4
37,122,4,4
37,123,4,4
37,124,5,5
37,125,5,5
37,126,5,5
37,127,3,3
37,128,4,4
37,129,4,4
37,130,4,4
37,131,4,4
37,132,4,4
37,133,4,4
37,134,4,4
37,135,4,4
37,136,3,3
37,137,4,4
37,138,3,4
37,139,4,4
37,140,5,5
37,141,4,4
37,142,4,4
37,143,5,5
37,144,6,6
37,145,4,4
37,146,5,5
37,147,6,6
37,148,4,4
37,149,5,5
37,150,6,6
37,151,5,5
37,152,4,4
37,153,4,4
37,154,4,4
37,155,2,2
37,156,4,4
37,157,5,5
37,158,10,11
37,159,4,4
37,160,4,4
37,161,3,3
37,162,4,4
37,163,5,5
37,164,6,6
37,165,3,3
37,166,3,3
37,167,3,3
37,168,6,6
37,169,4,4
37,170,4,5
37,171,5,5
37,172,3,3
37,173,4,4
37,174,4,4
37,175,3,3
37,176,2,2
37,177,6,6
37,178,4,4
37,179,3,3
37,180,6,6
37,181,3,3
37,182,4,4
38,1,4,5
38,2,6,6
38,3,10,10
38,4,10,11
38,5,8,9
38,6,12,13
38,7,10,10
38,8,15,17
38,9,7,7
38,10,10,11
38,11,6,6
38,12,8,8
38,13,7,8
38,14,7,7
38,15,10,10
38,16,8,8
38,17,11,12
38,18,7,7
38,19,5,6
38,20,6,6
38,21,7,7
38,22,23,25
38,23,15,15
38,24,32,35
38,25,9,10
38,26,30,31
38,27,16,18
38,28,13,13
38,29,9,9
38,30,7,9
38,31,6,6
38,32,11,11
38,33,6,7
38,34,9,9
38,35,15,16
38,36,8,8
38,37,4,4
38,38,4,4
38,39,7,7
38,40,6,6
38,41,11,11
38,42,6,7
38,43,10,10
38,44,14,17
38,45,8,8
38,46,5,5
38,47,5,5
38,48,8,9
38,49,6,7
38,50,5,5
38,51,7,7
38,52,4,4
38,53,5,5
38,54,7,7
38,55,5,6
38,56,4,4
38,57,4,4
38,58,4,4
38,59,10,12
38,60,11,13
38,61,11,11
38,62,10,10
38,63,6,6
38,64,6,6
38,65,11,12
38,66,7,7
38,67,4,4
38,68,3,3
38,69,9,9
38,70,8,8
38,71,9,9
38,72,9,9
38,73,4,4
38,74,6,6
38,75,14,15
38,76,10,11
38,77,5,5
38,78,6,6
38,79,6,6
38,80,4,4
38,81,4,4
38,82,4,4
38,83,4,4
38,84,4,4
38,85,7,7
38,86,10,10
38,87,5,5
38,88,4,4
39,1,6,6
39,2,10,10
39,3,33,35
39,4,16,18
39,5,23,27
39,6,36,40
39,7,31,36
39,8,34,36
39,9,24,26
39,10,21,24
39,11,9,9
39,12,5,5
39,13,9,9
39,14,6,6
39,15,19,21
39,16,16,18
39,17,12,13
39,18,13,15
39,19,10,10
39,20,20,22
39,21,31,32
39,22,20,22
39,23,34,36
39,24,13,14
39,25,10,10
39,26,12,14
39,27,11,11
39,28,7,7
39,29,19,21
39,30,4,4
39,31,7,7
39,32,15,16
39,33,8,9
39,34,8,9
39,35,12,12
39,36,15,17
39,37,12,13
39,38,36,39
39,39,9,10
39,40,8,8
39,41,18,21
39,42,26,28
39,43,14,15
39,44,11,13
39,45,18,19
39,46,17,17
39,47,25,26
39,48,11,11
39,49,22,23
39,50,11,11
39,51,15,16
39,52,15,16
39,53,20,22
39,54,13,13
39,55,16,16
39,56,14,14
39,57,9,9
39,58,12,12
39,59,10,10
39,60,14,15
39,61,11,11
39,62,9,10
39,63,11,12
39,64,7,7
39,65,14,14
39,66,6,6
39,67,17,18
39,68,22,23
39,69,15,15
39,70,9,9
39,71,34,36
39,72,9,10
39,73,20,21
39,74,16,17
39,75,17,18
40,1,1,1
40,2,6,6
40,3,14,16
40,4,13,13
40,5,21,24
40,6,10,10
40,7,27,27
40,8,16,17
40,9,12,14
40,10,15,15
40,11,13,13
40,12,15,17
40,13,14,15
40,14,8,8
40,15,16,16
40,16,15,18
40,17,13,15
40,18,15,16
40,19,6,6
40,20,15,17
40,21,30,31
40,22,13,14
40,23,6,6
40,24,7,7
40,25,19,20
40,26,18,19
40,27,13,13
40,28,39,42
40,29,26,27
40,30,10,10
40,31,14,15
40,32,6,6
40,33,16,17
40,34,30,32
40,35,23,25
40,36,9,9
40,37,23,25
40,38,8,8
40,39,11,11
40,40,23,24
40,41,9,9
40,42,15,15
40,43,22,22
40,44,12,14
40,45,10,11
40,46,13,14
40,47,19,19
40,48,12,12
40,49,13,13
40,50,16,19
40,51,11,11
40,52,10,11
40,53,8,8
40,54,4,4
40,55,12,12
40,56,23,26
40,57,12,12
40,58,13,14
40,59,11,11
40,60,13,14
40,61,20,21
40,62,12,13
40,63,7,7
40,64,21,23
40,65,14,15
40,66,20,20
40,67,30,32
40,68,12,13
40,69,10,10
40,70,9,10
40,71,6,6
40,72,6,6
40,73,7,7
40,74,17,19
40,75,11,11
40,76,8,9
40,77,14,15
40,78,32,34
40,79,9,9
40,80,12,12
40,81,6,6
40,82,25,26
40,83,15,15
40,84,12,12
40,85,17,19
41,1,1,1
41,2,4,4
41,3,7,7
41,4,7,7
41,5,17,17
41,6,16,17
41,7,8,8
41,8,9,9
41,9,14,15
41,10,15,15
41,11,16,16
41,12,19,21
41,13,9,9
41,14,23,24
41,15,25,27
41,16,19,21
41,17,14,14
41,18,5,5
41,19,8,8
41,20,12,12
41,21,18,19
41,22,20,20
41,23,9,9
41,24,11,12
41,25,25,26
41,26,11,11
41,27,10,10
41,28,14,16
41,29,16,16
41,30,19,19
41,31,16,17
41,32,4,4
41,33,13,13
41,34,17,18
41,35,11,11
41,36,11,12
41,37,19,20
41,38,12,13
41,39,22,24
41,40,26,29
41,41,9,10
41,42,13,14
41,43,17,18
41,44,30,34
41,45,18,20
41,46,11,13
41,47,28,30
41,48,12,13
41,49,11,11
41,50,32,33
41,51,13,13
41,52,17,17
41,53,19,20
41,54,12,13
42,1,1,1
42,2,1,1
42,3,10,10
42,4,10,11
42,5,19,21
42,6,12,12
42,7,22,23
42,8,19,20
42,9,16,17
42,10,15,16
42,11,19,23
42,12,13,15
42,13,38,41
42,14,30,32
42,15,34,43
42,16,18,18
42,17,11,12
42,18,22,24
42,19,9,10
42,20,22,23
42,21,22,24
42,22,24,27
42,23,29,32
42,24,22,25
42,25,12,12
42,26,12,13
42,27,17,18
42,28,13,14
42,29,16,17
42,30,10,10
42,31,14,15
42,32,6,6
42,33,15,16
42,34,7,7
42,35,9,9
42,36,17,18
42,37,10,10
42,38,11,11
42,39,6,6
42,40,14,16
42,41,9,9
42,42,15,16
42,43,8,8
42,44,20,21
42,45,27,29
42,46,16,17
42,47,21,22
42,48,27,30
42,49,15,17
42,50,11,13
42,51,22,23
42,52,27,29
42,53,15,16
43,1,1,1
43,2,2,2
43,3,6,6
43,4,7,7
43,5,8,8
43,6,6,6
43,7,8,8
43,8,7,7
43,9,10,10
43,10,11,11
43,11,12,13
43,12,11,11
43,13,20,20
43,14,4,4
43,15,9,10
43,16,7,7
43,17,12,12
43,18,9,9
43,19,12,14
43,20,15,17
43,21,8,8
43,22,11,11
43,23,21,21
43,24,14,15
43,25,7,8
43,26,9,9
43,27,5,5
43,28,7,7
43,29,9,9
43,30,9,9
43,31,10,10
43,32,25,28
43,33,17,17
43,34,5,5
43,35,12,14
43,36,11,11
43,37,7,7
43,38,11,11
43,39,9,9
43,40,11,11
43,41,6,6
43,42,7,7
43,43,8,9
43,44,6,7
43,45,13,13
43,46,12,12
43,47,7,7
43,48,13,14
43,49,11,11
43,50,7,7
43,51,17,18
43,52,11,11
43,53,11,11
43,54,7,8
43,55,6,6
43,56,4,4
43,57,9,9
43,58,14,16
43,59,10,10
43,60,8,8
43,61,10,11
43,62,7,8
43,63,17,18
43,64,9,10
43,65,11,12
43,66,10,10
43,67,7,7
43,68,8,8
43,69,5,5
43,70,5,5
43,71,15,17
43,72,7,7
43,73,6,6
43,74,6,6
43,75,6,6
43,76,6,6
43,77,8,9
43,78,7,7
43,79,5,5
43,80,11,12
43,81,8,8
43,82,8,8
43,83,8,8
43,84,11,12
43,85,13,13
43,86,13,13
43,87,8,9
43,88,7,7
43,89,6,7
44,1,1,1
44,2,2,2
44,3,8,9
44,4,5,5
44,5,6,7
44,6,7,8
44,7,8,9
44,8,10,11
44,9,5,5
44,10,6,6
44,11,5,6
44,12,6,6
44,13,7,7
44,14,6,6
44,15,6,7
44,16,6,6
44,17,8,8
44,18,9,10
44,19,9,10
44,20,6,6
44,21,5,5
44,22,6,6
44,23,5,5
44,24,6,7
44,25,5,5
44,26,3,3
44,27,4,4
44,28,4,5
44,29,8,8
44,30,7,7
44,31,7,8
44,32,6,6
44,33,7,7
44,34,3,3
44,35,8,8
44,36,5,5
44,37,12,14
44,38,7,7
44,39,8,8
44,40,5,5
44,41,10,10
44,42,8,9
44,43,3,3
44,44,2,2
44,45,4,4
44,46,2,2
44,47,5,5
44,48,7,7
44,49,5,5
44,50,6,6
44,51,5,5
44,52,3,3
44,53,5,5
44,54,4,4
44,55,5,5
44,56,10,11
44,57,7,8
44,58,5,5
44,59,3,3
45,1,1,1
45,2,6,6
45,3,6,6
45,4,9,9
45,5,20,20
45,6,12,13
45,7,4,4
45,8,14,15
45,9,11,12
45,10,19,21
45,11,11,12
45,12,14,14
45,13,16,17
45,14,14,14
45,15,11,13
45,16,13,13
45,17,24,26
45,18,13,13
45,19,15,17
45,20,7,7
45,21,17,18
45,22,13,13
45,23,24,25
45,24,21,23
45,25,16,16
45,26,18,18
45,27,10,11
45,28,14,15
45,29,11,12
45,30,13,14
45,31,12,12
45,32,22,22
45,33,11,11
45,34,14,14
45,35,16,17
45,36,8,8
45,37,8,9
46,1,1,1
46,2,6,6
46,3,15,16
46,4,29,30
46,5,18,18
46,6,9,9
46,7,14,14
46,8,25,29
46,9,24,25
46,10,24,25
46,11,19,20
46,12,16,17
46,13,13,13
46,14,9,9
46,15,45,49
46,16,18,19
46,17,28,28
46,18,17,18
46,19,9,10
46,20,27,27
46,21,25,25
46,22,12,12
46,23,13,13
46,24,18,20
46,25,14,15
46,26,32,32
46,27,10,10
46,28,17,19
46,29,18,19
46,30,19,19
46,31,14,14
46,32,18,19
46,33,22,23
46,34,18,20
46,35,27,30
47,1,8,8
47,2,18,19
47,3,18,19
47,4,38,40
47,5,3,3
47,6,4,4
47,7,9,9
47,8,6,6
47,9,8,8
47,10,16,18
47,11,11,11
47,12,22,23
47,13,14,14
47,14,13,13
47,15,44,47
47,16,24,25
47,17,6,6
47,18,15,17
47,19,14,15
47,20,27,30
47,21,12,13
47,22,10,10
47,23,7,7
47,24,7,7
47,25,16,17
47,26,15,16
47,27,7,7
47,28,10,10
47,29,11,11
47,30,12,14
47,31,8,8
47,32,21,21
47,33,10,10
47,34,15,15
47,35,12,12
47,36,13,14
47,37,6,6
47,38,29,32
48,1,5,5
48,2,15,15
48,3,4,4
48,4,19,21
48,5,19,20
48,6,21,24
48,7,8,9
48,8,5,5
48,9,8,8
48,10,25,27
48,11,37,40
48,12,20,20
48,13,9,9
48,14,14,16
48,15,31,35
48,16,28,30
48,17,27,29
48,18,19,19
48,19,7,8
48,20,18,18
48,21,14,15
48,22,12,12
48,23,12,13
48,24,19,20
48,25,40,43
48,26,28,29
48,27,28,30
48,28,14,15
48,29,54,60
49,1,15,17
49,2,22,22
49,3,17,18
49,4,9,9
49,5,12,13
49,6,17,17
49,7,28,30
49,8,7,8
49,9,30,33
49,10,10,11
49,11,39,42
49,12,31,35
49,13,20,22
49,14,27,30
49,15,18,19
49,16,16,17
49,17,19,21
49,18,10,11
50,1,3,4
50,2,11,11
50,3,7,8
50,4,9,10
50,5,9,9
50,6,12,12
50,7,11,11
50,8,5,5
50,9,10,10
50,10,5,5
50,11,8,10
50,12,7,7
50,13,4,4
50,14,9,10
50,15,10,11
50,16,14,15
50,17,8,8
50,18,8,8
50,19,9,10
50,20,6,7
50,21,6,6
50,22,12,12
50,23,6,6
50,24,6,6
50,25,4,4
50,26,10,10
50,27,10,10
50,28,8,8
50,29,8,8
50,30,9,9
50,31,5,5
50,32,6,6
50,33,7,7
50,34,5,6
50,35,6,6
50,36,15,15
50,37,13,13
50,38,13,13
50,39,12,12
50,40,5,5
50,41,7,7
50,42,7,8
50,43,6,6
50,44,9,10
50,45,13,15
51,1,2,2
51,2,2,2
51,3,2,2
51,4,2,2
51,5,3,3
51,6,3,3
51,7,3,3
51,8,4,4
51,9,4,4
51,10,2,2
51,11,5,5
51,12,4,4
51,13,5,5
51,14,7,7
51,15,5,5
51,16,9,10
51,17,6,6
51,18,3,3
51,19,5,5
51,20,4,4
51,21,4,5
51,22,5,5
51,23,9,9
51,24,6,6
51,25,9,10
51,26,6,6
51,27,5,5
51,28,9,11
51,29,9,9
51,30,8,9
51,31,5,5
51,32,6,6
51,33,5,5
51,34,4,4
51,35,6,6
51,36,7,7
51,37,7,7
51,38,8,8
51,39,6,6
51,40,7,7
51,41,7,7
51,42,9,9
51,43,8,8
51,44,8,8
51,45,7,7
51,46,8,9
51,47,5,5
51,48,4,4
51,49,7,7
51,50,8,9
51,51,11,12
51,52,13,13
51,53,6,7
51,54,5,5
51,55,5,5
51,56,6,6
51,57,9,9
51,58,7,7
51,59,9,9
51,60,7,7
52,1,1,1
52,2,2,2
52,3,3,3
52,4,2,2
52,5,2,2
52,6,2,2
52,7,4,4
52,8,4,4
52,9,4,4
52,10,3,3
52,11,3,3
52,12,5,5
52,13,6,6
52,14,6,6
52,15,6,6
52,16,12,13
52,17,5,5
52,18,8,8
52,19,6,6
52,20,7,8
52,21,19,20
52,22,5,5
52,23,8,8
52,24,7,7
52,25,5,5
52,26,7,7
52,27,6,6
52,28,9,10
52,29,8,8
52,30,7,7
52,31,6,6
52,32,8,9
52,33,6,7
52,34,6,6
52,35,8,8
52,36,7,8
52,37,7,7
52,38,9,10
52,39,5,5
52,40,7,7
52,41,5,5
52,42,7,8
52,43,9,10
52,44,9,9
52,45,7,7
52,46,9,9
52,47,10,10
52,48,10,11
52,49,5,5
53,1,3,3
53,2,5,5
53,3,4,4
53,4,5,5
53,5,3,3
53,6,3,3
53,7,3,3
53,8,3,3
53,9,5,5
53,10,5,5
53,11,5,5
53,12,4,4
53,13,4,4
53,14,3,3
53,15,3,3
53,16,5,5
53,17,5,5
53,18,6,6
53,19,3,3
53,20,3,3
53,21,4,4
53,22,4,4
53,23,25,27
53,24,4,4
53,25,3,3
53,26,18,18
53,27,9,9
53,28,16,18
53,29,11,11
53,30,16,17
53,31,16,16
53,32,31,35
53,33,3,3
53,34,3,3
53,35,5,5
53,36,7,7
53,37,3,3
53,38,5,5
53,39,6,6
53,40,4,4
53,41,4,4
53,42,4,4
53,43,4,4
53,44,4,4
53,45,5,5
53,46,4,4
53,47,4,4
53,48,4,4
53,49,4,4
53,50,4,4
53,51,3,3
53,52,9,10
53,53,2,2
53,54,3,3
53,55,4,4
53,56,5,5
53,57,2,2
53,58,6,6
53,59,4,4
53,60,3,3
53,61,2,2
53,62,3,4
54,1,4,4
54,2,7,7
54,3,6,7
54,4,7,7
54,5,5,6
54,6,8,9
54,7,8,8
54,8,8,9
54,9,9,9
54,10,5,5
54,11,5,5
54,12,9,9
54,13,5,5
54,14,6,6
54,15,6,6
54,16,4,4
54,17,7,7
54,18,6,6
54,19,9,9
54,20,6,6
54,21,4,4
54,22,7,7
54,23,3,3
54,24,10,10
54,25,9,9
54,26,5,5
54,27,7,7
54,28,8,9
54,29,4,4
54,30,4,4
54,31,8,8
54,32,7,7
54,33,4,4
54,34,9,10
54,35,7,8
54,36,5,5
54,37,9,9
54,38,5,5
54,39,3,3
54,40,7,7
54,41,5,5
54,42,7,7
54,43,9,9
54,44,5,5
54,45,4,4
54,46,6,6
54,47,5,5
54,48,9,9
54,49,5,5
54,50,6,6
54,51,6,6
54,52,5,5
54,53,4,4
54,54,5,5
54,55,6,6
55,1,1,1
55,2,2,2
55,3,2,2
55,4,2,2
55,5,3,3
55,6,3,3
55,7,4,4
55,8,4,4
55,9,6,6
55,10,3,3
55,11,5,5
55,12,4,4
55,13,4,4
55,14,5,5
55,15,6,6
55,16,4,4
55,17,4,4
55,18,4,4
55,19,3,3
55,20,4,4
55,21,4,4
55,22,4,4
55,23,4,4
55,24,6,6
55,25,4,4
55,26,4,4
55,27,6,6
55,28,4,4
55,29,10,11
55,30,4,4
55,31,4,4
55,32,4,4
55,33,16,17
55,34,4,4
55,35,8,8
55,36,4,4
55,37,6,6
55,38,4,4
55,39,8,8
55,40,4,4
55,41,6,6
55,42,4,4
55,43,6,6
55,44,5,5
55,45,4,4
55,46,5,5
55,47,4,4
55,48,2,2
55,49,4,4
55,50,3,3
55,51,4,4
55,52,5,5
55,53,4,4
55,54,9,10
55,55,4,4
55,56,9,9
55,57,4,4
55,58,3,3
55,59,4,4
55,60,5,5
55,61,4,4
55,62,3,3
55,63,4,4
55,64,1,1
55,65,4,4
55,66,3,3
55,67,4,4
55,68,4,4
55,69,4,4
55,70,3,3
55,71,4,4
55,72,4,4
55,73,4,4
55,74,6,6
55,75,4,4
55,76,6,6
55,77,4,4
55,78,6,6
56,1,3,3
56,2,3,3
56,3,2,2
56,4,4,4
56,5,3,3
56,6,3,3
56,7,3,3
56,8,5,5
56,9,5,5
56,10,2,2
56,11,2,2
56,12,3,3
56,13,3,3
56,14,3,3
56,15,3,3
56,16,3,3
56,17,4,4
56,18,5,5
56,19,5,5
56,20,3,3
56,21,4,4
56,22,2,2
56,23,3,3
56,24,4,4
56,25,6,6
56,26,4,4
56,27,5,5
56,28,3,3
56,29,2,2
56,30,2,2
56,31,2,2
56,32,2,2
56,33,4,4
56,34,2,2
56,35,3,3
56,36,2,2
56,37,2,2
56,38,2,2
56,39,3,3
56,40,3,3
56,41,5,5
56,42,3,3
56,43,3,3
56,44,4,4
56,45,5,5
56,46,5,5
56,47,9,9
56,48,2,2
56,49,4,4
56,50,5,5
56,51,5,5
56,52,5,5
56,53,3,3
56,54,4,4
56,55,3,3
56,56,4,4
56,57,4,4
56,58,3,3
56,59,5,5
56,60,7,7
56,61,9,9
56,62,6,6
56,63,3,3
56,64,5,5
56,65,6,6
56,66,2,2
56,67,3,3
56,68,4,4
56,69,7,7
56,70,6,6
56,71,4,4
56,72,6,6
56,73,5,5
56,74,4,4
56,75,4,4
56,76,5,5
56,77,3,3
56,78,3,3
56,79,4,4
56,80,4,4
56,81,4,4
56,82,4,4
56,83,4,4
56,84,3,3
56,85,7,7
56,86,5,5
56,87,4,4
56,88,5,5
56,89,4,4
56,90,6,6
56,91,5,5
56,92,6,6
56,93,3,3
56,94,2,2
56,95,5,5
56,96,4,4
57,1,9,10
57,2,11,13
57,3,9,10
57,4,36,39
57,5,8,9
57,6,12,13
57,7,15,16
57,8,15,16
57,9,17,18
57,10,37,41
57,11,12,12
57,12,22,23
57,13,27,27
57,14,20,21
57,15,15,18
57,16,28,29
57,17,13,14
57,18,12,12
57,19,20,22
57,20,39,42
57,21,25,27
57,22,21,22
57,23,15,16
57,24,12,13
57,25,28,30
57,26,14,16
57,27,39,41
57,28,21,22
57,29,22,24
58,1,18,19
58,2,23,26
58,3,21,23
58,4,26,30
58,5,18,20
58,6,15,17
58,7,47,50
58,8,38,40
58,9,19,20
58,10,17,18
58,11,30,32
58,12,22,24
58,13,24,26
58,14,19,19
58,15,10,11
58,16,10,10
58,17,15,17
58,18,17,19
58,19,15,17
58,20,8,8
58,21,9,10
58,22,51,56
59,1,11,12
59,2,40,44
59,3,14,15
59,4,12,13
59,5,13,13
59,6,25,26
59,7,37,40
59,8,18,19
59,9,31,32
59,10,23,23
59,11,28,28
59,12,16,16
59,13,12,13
59,14,23,26
59,15,11,12
59,16,17,17
59,17,10,11
59,18,17,19
59,19,10,11
59,20,10,11
59,21,18,19
59,22,13,15
59,23,19,20
59,24,17,20
60,1,48,51
60,2,13,13
60,3,13,15
60,4,52,53
60,5,13,14
60,6,19,20
60,7,15,17
60,8,21,22
60,9,21,22
60,10,55,64
60,11,21,22
60,12,38,40
60,13,19,19
61,1,11,12
61,2,8,8
61,3,9,9
61,4,11,11
61,5,23,25
61,6,31,32
61,7,16,17
61,8,11,11
61,9,14,14
61,10,11,11
61,11,15,16
61,12,17,18
61,13,9,11
61,14,35,38
62,1,12,12
62,2,21,21
62,3,8,9
62,4,10,11
62,5,23,25
62,6,17,17
62,7,9,10
62,8,18,19
62,9,21,22
62,10,15,15
62,11,21,23
63,1,17,18
63,2,12,13
63,3,11,11
63,4,22,28
63,5,14,14
63,6,18,19
63,7,20,21
63,8,17,18
63,9,17,18
63,10,21,21
63,11,11,12
64,1,17,19
64,2,11,12
64,3,9,10
64,4,14,15
64,5,13,13
64,6,16,18
64,7,18,20
64,8,10,11
64,9,27,30
64,10,11,12
64,11,16,18
64,12,11,12
64,13,9,10
64,14,18,19
64,15,8,9
64,16,16,17
64,17,12,13
64,18,5,5
65,1,41,46
65,2,30,32
65,3,21,24
65,4,28,30
65,5,14,15
65,6,32,36
65,7,25,28
65,8,14,14
65,9,7,7
65,10,16,18
65,11,34,36
65,12,25,25
66,1,14,16
66,2,11,13
66,3,29,31
66,4,21,23
66,5,17,17
66,6,22,22
66,7,11,12
66,8,45,47
66,9,11,13
66,10,27,28
66,11,24,24
66,12,17,17
67,1,9,9
67,2,11,12
67,3,18,20
67,4,10,10
67,5,12,13
67,6,7,8
67,7,8,8
67,8,13,14
67,9,18,18
67,10,11,11
67,11,5,5
67,12,9,9
67,13,9,10
67,14,7,7
67,15,14,15
67,16,11,11
67,17,12,13
67,18,8,8
67,19,15,17
67,20,15,16
67,21,12,13
67,22,12,12
67,23,12,13
67,24,8,8
67,25,7,7
67,26,9,9
67,27,13,13
67,28,15,15
67,29,13,14
67,30,10,10
68,1,4,5
68,2,5,5
68,3,5,5
68,4,4,4
68,5,2,2
68,6,2,2
68,7,11,11
68,8,3,3
68,9,4,4
68,10,5,5
68,11,3,3
68,12,4,4
68,13,4,4
68,14,5,5
68,15,7,7
68,16,3,3
68,17,10,10
68,18,2,2
68,19,7,7
68,20,2,2
68,21,2,2
68,22,7,7
68,23,3,3
68,24,6,6
68,25,4,4
68,26,5,5
68,27,3,3
68,28,7,7
68,29,6,6
68,30,5,5
68,31,5,5
68,32,10,10
68,33,8,10
68,34,6,6
68,35,3,3
68,36,4,4
68,37,5,5
68,38,5,5
68,39,12,13
68,40,4,4
68,41,8,8
68,42,9,9
68,43,11,12
68,44,10,11
68,45,5,6
68,46,7,7
68,47,5,5
68,48,11,11
68,49,10,10
68,50,5,5
68,51,12,12
68,52,5,5
69,1,1,1
69,2,2,2
69,3,4,4
69,4,4,4
69,5,4,4
69,6,6,6
69,7,15,15
69,8,5,5
69,9,6,6
69,10,6,6
69,11,7,7
69,12,6,6
69,13,6,6
69,14,6,6
69,15,3,3
69,16,5,5
69,17,9,10
69,18,6,6
69,19,9,9
69,20,5,5
69,21,4,4
69,22,3,3
69,23,2,2
69,24,8,8
69,25,10,10
69,26,4,4
69,27,3,3
69,28,4,5
69,29,3,3
69,30,2,2
69,31,3,3
69,32,7,7
69,33,6,6
69,34,5,5
69,35,5,5
69,36,5,5
69,37,4,4
69,38,4,4
69,39,3,3
69,40,4,4
69,41,7,8
69,42,6,7
69,43,4,4
69,44,5,5
69,45,3,3
69,46,4,4
69,47,6,6
69,48,3,3
69,49,5,5
69,50,4,4
69,51,3,3
69,52,4,4
70,1,4,4
70,2,4,4
70,3,4,4
70,4,11,11
70,5,3,3
70,6,3,3
70,7,2,2
70,8,4,4
70,9,3,3
70,10,4,4
70,11,9,10
70,12,2,2
70,13,3,3
70,14,6,6
70,15,3,4
70,16,2,2
70,17,4,4
70,18,2,2
70,19,4,4
70,20,4,4
70,21,4,4
70,22,2,2
70,23,5,5
70,24,5,5
70,25,2,2
70,26,4,4
70,27,6,6
70,28,5,5
70,29,4,4
70,30,10,10
70,31,7,7
70,32,5,5
70,33,4,4
70,34,5,5
70,35,4,4
70,36,5,5
70,37,5,5
70,38,8,8
70,39,5,6
70,40,7,7
70,41,8,8
70,42,8,8
70,43,9,9
70,44,9,10
71,1,14,14
71,2,6,6
71,3,5,5
71,4,18,20
71,5,7,7
71,6,5,5
71,7,14,14
71,8,4,4
71,9,7,7
71,10,6,6
71,11,4,4
71,12,9,9
71,13,6,6
71,14,3,3
71,15,8,8
71,16,7,7
71,17,5,5
71,18,5,5
71,19,5,5
71,20,4,4
71,21,13,13
71,22,3,3
71,23,13,13
71,24,8,9
71,25,12,12
71,26,10,10
71,27,10,10
71,28,15,15
72,1,13,13
72,2,9,10
72,3,9,9
72,4,7,7
72,5,10,10
72,6,11,11
72,7,9,9
72,8,8,8
72,9,13,14
72,10,13,13
72,11,9,10
72,12,11,11
72,13,14,15
72,14,10,11
72,15,5,5
72,16,7,7
72,17,10,11
72,18,8,8
72,19,10,10
72,20,8,8
72,21,8,8
72,22,12,12
72,23,16,17
72,24,11,11
72,25,11,11
72,26,7,7
72,27,13,13
72,28,13,13
73,1,2,2
73,2,4,4
73,3,5,5
73,4,6,6
73,5,5,5
73,6,8,8
73,7,6,6
73,8,6,6
73,9,9,9
73,10,7,7
73,11,6,6
73,12,4,4
73,13,5,5
73,14,8,8
73,15,11,11
73,16,6,6
73,17,8,8
73,18,6,7
73,19,9,10
73,20,78,89
74,1,2,2
74,2,2,2
74,3,2,2
74,4,2,2
74,5,2,2
74,6,3,3
74,7,2,2
74,8,4,4
74,9,4,4
74,10,4,4
74,11,4,4
74,12,4,4
74,13,2,2
74,14,3,3
74,15,4,4
74,16,5,6
74,17,2,2
74,18,3,3
74,19,3,3
74,20,4,4
74,21,2,2
74,22,3,3
74,23,3,3
74,24,6,6
74,25,5,5
74,26,2,2
74,27,4,4
74,28,4,4
74,29,2,2
74,30,3,3
74,31,57,63
74,32,2,2
74,33,3,3
74,34,3,3
74,35,3,3
74,36,2,2
74,37,7,7
74,38,5,5
74,39,3,3
74,40,3,3
74,41,2,2
74,42,4,4
74,43,5,5
74,44,4,4
74,45,4,4
74,46,4,4
74,47,3,3
74,48,4,4
74,49,5,5
74,50,3,3
74,51,3,3
74,52,9,9
74,53,5,6
74,54,3,3
74,55,3,3
74,56,11,12
75,1,4,4
75,2,4,4
75,3,5,5
75,4,6,6
75,5,5,5
75,6,4,4
75,7,3,3
75,8,2,2
75,9,3,3
75,10,5,5
75,11,3,3
75,12,4,4
75,13,6,6
75,14,5,5
75,15,3,3
75,16,6,6
75,17,4,4
75,18,4,4
75,19,4,4
75,20,4,4
75,21,2,2
75,22,3,3
75,23,3,3
75,24,3,3
75,25,5,5
75,26,4,4
75,27,3,4
75,28,3,3
75,29,3,3
75,30,4,4
75,31,4,4
75,32,3,3
75,33,5,5
75,34,3,3
75,35,4,4
75,36,5,5
75,37,6,6
75,38,5,5
75,39,5,5
75,40,7,7
76,1,11,11
76,2,10,10
76,3,7,7
76,4,6,6
76,5,8,8
76,6,7,7
76,7,7,7
76,8,7,7
76,9,10,10
76,10,7,7
76,11,8,8
76,12,5,5
76,13,10,11
76,14,6,6
76,15,8,8
76,16,5,5
76,17,6,6
76,18,4,4
76,19,9,9
76,20,7,7
76,21,13,14
76,22,8,8
76,23,6,6
76,24,9,9
76,25,5,5
76,26,7,7
76,27,8,8
76,28,9,10
76,29,9,10
76,30,11,12
76,31,10,11
77,1,2,2
77,2,2,2
77,3,2,2
77,4,2,2
77,5,2,2
77,6,3,3
77,7,3,3
77,8,3,3
77,9,3,3
77,10,3,3
77,11,3,3
77,12,3,3
77,13,2,2
77,14,5,5
77,15,3,3
77,16,3,3
77,17,3,3
77,18,3,3
77,19,3,3
77,20,5,5
77,21,4,4
77,22,3,3
77,23,3,3
77,24,3,3
77,25,4,4
77,26,2,2
77,27,7,7
77,28,3,3
77,29,6,6
77,30,6,6
77,31,6,6
77,32,4,4
77,33,3,3
77,34,3,3
77,35,4,4
77,36,4,4
77,37,3,3
77,38,5,6
77,39,5,5
77,40,3,3
77,41,5,5
77,42,3,3
77,43,6,6
77,44,4,4
77,45,3,3
77,46,5,5
77,47,3,3
77,48,6,6
77,49,3,3
77,50,4,4
78,1,2,2
78,2,3,3
78,3,4,4
78,4,2,2
78,5,3,3
78,6,4,4
78,7,2,2
78,8,2,2
78,9,3,3
78,10,3,3
78,11,3,3
78,12,4,4
78,13,3,3
78,14,5,5
78,15,4,4
78,16,2,2
78,17,5,5
78,18,6,6
78,19,4,4
78,20,4,4
78,21,4,4
78,22,2,2
78,23,3,3
78,24,6,6
78,25,3,3
78,26,2,2
78,27,5,5
78,28,3,3
78,29,4,4
78,30,5,5
78,31,3,3
78,32,2,2
78,33,2,2
78,34,2,2
78,35,6,6
78,36,5,5
78,37,10,11
78,38,14,15
78,39,9,10
78,40,15,15
79,1,2,2
79,2,2,2
79,3,2,2
79,4,2,2
79,5,2,2
79,6,3,3
79,7,2,2
79,8,3,3
79,9,2,2
79,10,5,5
79,11,4,4
79,12,5,5
79,13,4,4
79,14,3,3
79,15,4,4
79,16,6,6
79,17,5,5
79,18,6,6
79,19,4,4
79,20,3,3
79,21,2,2
79,22,3,3
79,23,2,2
79,24,4,4
79,25,5,5
79,26,6,6
79,27,6,7
79,28,3,3
79,29,4,4
79,30,4,4
79,31,4,4
79,32,2,2
79,33,3,3
79,34,4,4
79,35,5,5
79,36,4,4
79,37,3,3
79,38,3,3
79,39,4,4
79,40,9,9
79,41,4,4
79,42,5,5
79,43,4,4
79,44,3,3
79,45,5,5
79,46,9,9
80,1,2,2
80,2,3,3
80,3,4,4
80,4,4,4
80,5,3,3
80,6,3,3
80,7,4,4
80,8,4,4
80,9,2,2
80,10,3,3
80,11,3,3
80,12,3,3
80,13,3,3
80,14,2,2
80,15,2,2
80,16,2,2
80,17,4,4
80,18,4,4
80,19,4,4
80,20,3,3
80,21,3,3
80,22,4,4
80,23,5,5
80,24,4,4
80,25,4,4
80,26,4,4
80,27,3,3
80,28,2,2
80,29,2,2
80,30,2,2
80,31,2,2
80,32,3,3
80,33,3,3
80,34,5,5
80,35,2,2
80,36,2,2
80,37,6,6
80,38,3,3
80,39,2,2
80,40,4,4
80,41,2,2
80,42,4,4
81,1,3,3
81,2,3,3
81,3,3,3
81,4,3,3
81,5,3,3
81,6,3,3
81,7,3,3
81,8,3,3
81,9,3,3
81,10,3,3
81,11,3,3
81,12,3,3
81,13,3,3
81,14,4,4
81,15,3,3
81,16,2,2
81,17,3,3
81,18,3,3
81,19,4,4
81,20,6,6
81,21,3,3
81,22,3,3
81,23,4,4
81,24,5,5
81,25,5,5
81,26,2,2
81,27,5,5
81,28,5,5
81,29,8,8
82,1,3,3
82,2,3,3
82,3,3,3
82,4,3,3
82,5,5,5
82,6,6,6
82,7,4,4
82,8,6,6
82,9,4,4
82,10,3,3
82,11,2,2
82,12,3,3
82,13,4,4
82,14,4,4
82,15,3,3
82,16,4,4
82,17,5,5
82,18,6,6
82,19,9,10
83,1,2,2
83,2,6,6
83,3,5,5
83,4,5,5
83,5,2,2
83,6,5,5
83,7,6,6
83,8,4,4
83,9,2,2
83,10,3,3
83,11,4,4
83,12,7,7
83,13,7,7
83,14,8,10
83,15,6,6
83,16,4,4
83,17,7,7
83,18,6,6
83,19,4,4
83,20,2,2
83,21,2,2
83,22,4,4
83,23,3,3
83,24,5,5
83,25,4,4
83,26,6,7
83,27,3,3
83,28,4,4
83,29,8,8
83,30,4,4
83,31,6,6
83,32,6,6
83,33,4,4
83,34,6,6
83,35,3,3
83,36,6,6
84,1,3,3
84,2,3,3
84,3,3,3
84,4,4,4
84,5,3,3
84,6,8,8
84,7,5,5
84,8,4,4
84,9,4,4
84,10,6,6
84,11,3,3
84,12,2,2
84,13,5,5
84,14,5,5
84,15,6,6
84,16,3,3
84,17,3,3
84,18,3,3
84,19,4,4
84,20,4,4
84,21,6,7
84,22,4,4
84,23,4,4
84,24,3,3
84,25,9,9
85,1,3,3
85,2,2,2
85,3,2,2
85,4,3,3
85,5,3,3
85,6,4,4
85,7,6,6
85,8,9,9
85,9,10,11
85,10,14,14
85,11,14,15
85,12,4,4
85,13,4,4
85,14,3,3
85,15,3,3
85,16,3,3
85,17,4,4
85,18,2,2
85,19,5,5
85,20,4,4
85,21,4,4
85,22,3,3
86,1,2,2
86,2,4,4
86,3,2,2
86,4,6,6
86,5,4,4
86,6,4,4
86,7,5,5
86,8,4,4
86,9,3,3
86,10,6,6
86,11,3,3
86,12,3,3
86,13,3,3
86,14,3,3
86,15,3,3
86,16,2,2
86,17,4,4
87,1,4,4
87,2,3,3
87,3,3,3
87,4,3,3
87,5,3,3
87,6,3,3
87,7,9,10
87,8,2,2
87,9,4,4
87,10,3,3
87,11,2,2
87,12,4,4
87,13,6,6
87,14,4,4
87,15,4,4
87,16,4,4
87,17,3,3
87,18,5,5
87,19,3,3
88,1,4,4
88,2,3,3
88,3,2,2
88,4,3,3
88,5,4,4
88,6,6,6
88,7,6,6
88,8,3,3
88,9,2,2
88,10,3,3
88,11,4,4
88,12,3,3
88,13,3,3
88,14,2,2
88,15,2,2
88,16,2,2
88,17,6,6
88,18,4,4
88,19,4,4
88,20,4,4
88,21,4,4
88,22,3,3
88,23,4,4
88,24,4,4
88,25,3,3
88,26,4,4
89,1,1,1
89,2,2,2
89,3,2,2
89,4,3,3
89,5,6,6
89,6,6,6
89,7,3,3
89,8,6,6
89,9,5,5
89,10,3,3
89,11,4,4
89,12,3,3
89,13,5,5
89,14,3,3
89,15,11,11
89,16,10,10
89,17,5,6
89,18,5,5
89,19,4,4
89,20,4,4
89,21,6,6
89,22,5,5
89,23,9,10
89,24,4,4
89,25,5,5
89,26,4,4
89,27,3,3
89,28,5,5
89,29,3,3
89,30,2,2
90,1,4,4
90,2,4,4
90,3,3,3
90,4,5,5
90,5,6,6
90,6,4,4
90,7,5,5
90,8,4,4
90,9,2,2
90,10,2,2
90,11,3,3
90,12,4,4
90,13,2,2
90,14,6,6
90,15,3,3
90,16,4,4
90,17,9,9
90,18,3,3
90,19,6,6
90,20,3,3
91,1,2,2
91,2,3,3
91,3,3,3
91,4,3,3
91,5,3,3
91,6,3,3
91,7,3,3
91,8,3,3
91,9,4,4
91,10,4,4
91,11,3,3
91,12,3,3
91,13,7,7
91,14,7,7
91,15,3,3
92,1,3,3
92,2,3,3
92,3,4,4
92,4,3,3
92,5,4,4
92,6,2,2
92,7,2,2
92,8,4,4
92,9,2,2
92,10,2,2
92,11,6,6
92,12,3,3
92,13,4,4
92,14,3,3
92,15,4,4
92,16,3,3
92,17,2,2
92,18,4,4
92,19,6,6
92,20,5,5
92,21,2,2
93,1,1,1
93,2,3,3
93,3,5,5
93,4,5,5
93,5,4,4
93,6,4,4
93,7,3,3
93,8,3,3
93,9,4,4
93,10,4,4
93,11,4,4
94,1,4,4
94,2,3,3
94,3,3,3
94,4,3,3
94,5,4,4
94,6,4,4
94,7,3,3
94,8,3,3
95,1,2,2
95,2,2,2
95,3,3,3
95,4,6,6
95,5,4,4
95,6,9,9
95,7,4,4
95,8,4,4
96,1,5,5
96,2,4,4
96,3,3,3
96,4,3,3
96,5,5,5
96,6,4,4
96,7,3,3
96,8,4,4
96,9,3,3
96,10,3,3
96,11,5,5
96,12,3,3
96,13,4,4
96,14,5,5
96,15,6,6
96,16,3,3
96,17,2,2
96,18,2,2
96,19,5,6
97,1,5,5
97,2,5,5
97,3,6,6
97,4,9,9
97,5,5,5
98,1,12,12
98,2,6,6
98,3,3,3
98,4,11,11
98,5,16,17
98,6,16,17
98,7,9,9
98,8,21,23
99,1,4,4
99,2,3,3
99,3,4,4
99,4,3,3
99,5,4,4
99,6,6,6
99,7,6,6
99,8,6,6
100,1,2,2
100,2,2,2
100,3,2,2
100,4,3,3
100,5,3,3
100,6,4,4
100,7,4,4
100,8,4,4
100,9,7,7
100,10,4,4
100,11,5,5
101,1,1,1
101,2,2,2
101,3,4,4
101,4,5,5
101,5,4,4
101,6,4,4
101,7,4,4
101,8,4,4
101,9,2,2
101,10,4,4
101,11,2,2
102,1,2,2
102,2,3,3
102,3,3,3
102,4,4,4
102,5,5,5
102,6,2,2
102,7,4,4
102,8,5,5
103,1,1,1
103,2,4,4
103,3,9,9
104,1,4,4
104,2,4,4
104,3,4,4
104,4,4,5
104,5,4,4
104,6,3,3
104,7,4,4
104,8,3,3
104,9,3,3
105,1,7,7
105,2,5,5
105,3,4,4
105,4,4,4
105,5,3,3
106,1,2,2
106,2,4,4
106,3,4,4
106,4,7,7
107,1,4,4
107,2,4,4
107,3,5,5
107,4,2,2
107,5,5,5
107,6,3,3
107,7,2,2
108,1,3,3
108,2,3,3
108,3,4,4
109,1,3,3
109,2,4,4
109,3,5,5
109,4,5,5
109,5,5,5
109,6,4,4
110,1,5,5
110,2,7,7
110,3,7,8
111,1,5,5
111,2,6,6
111,3,4,4
111,4,3,3
111,5,5,5
112,1,4,4
112,2,2,2
112,3,4,4
112,4,5,5
113,1,4,4
113,2,4,4
113,3,5,5
113,4,5,5
113,5,5,5
114,1,4,4
114,2,2,2
114,3,2,2
114,4,4,4
114,5,5,5
114,6,3,3
